[{"model": "admin.logentry", "pk": 1, "fields": {"action_time": "2023-04-16T18:58:24.226Z", "user": 1, "content_type": 7, "object_id": "1", "object_repr": "Toyota", "action_flag": 1, "change_message": "[{\"added\": {}}]"}}, {"model": "admin.logentry", "pk": 2, "fields": {"action_time": "2023-04-16T18:58:26.159Z", "user": 1, "content_type": 7, "object_id": "1", "object_repr": "Toyota", "action_flag": 2, "change_message": "[]"}}, {"model": "admin.logentry", "pk": 3, "fields": {"action_time": "2023-04-16T18:58:32.878Z", "user": 1, "content_type": 7, "object_id": "2", "object_repr": "BMW", "action_flag": 1, "change_message": "[{\"added\": {}}]"}}, {"model": "admin.logentry", "pk": 4, "fields": {"action_time": "2023-04-16T19:00:16.071Z", "user": 1, "content_type": 11, "object_id": "1", "object_repr": "2023", "action_flag": 1, "change_message": "[{\"added\": {}}]"}}, {"model": "admin.logentry", "pk": 5, "fields": {"action_time": "2023-04-16T19:00:19.235Z", "user": 1, "content_type": 11, "object_id": "2", "object_repr": "2022", "action_flag": 1, "change_message": "[{\"added\": {}}]"}}, {"model": "admin.logentry", "pk": 6, "fields": {"action_time": "2023-04-16T19:00:22.314Z", "user": 1, "content_type": 11, "object_id": "3", "object_repr": "2021", "action_flag": 1, "change_message": "[{\"added\": {}}]"}}, {"model": "admin.logentry", "pk": 7, "fields": {"action_time": "2023-04-16T19:00:34.718Z", "user": 1, "content_type": 8, "object_id": "1", "object_repr": "Corolla", "action_flag": 1, "change_message": "[{\"added\": {}}]"}}, {"model": "admin.logentry", "pk": 8, "fields": {"action_time": "2023-04-16T19:00:42.403Z", "user": 1, "content_type": 8, "object_id": "2", "object_repr": "Camry", "action_flag": 1, "change_message": "[{\"added\": {}}]"}}, {"model": "admin.logentry", "pk": 9, "fields": {"action_time": "2023-04-16T19:00:49.338Z", "user": 1, "content_type": 8, "object_id": "3", "object_repr": "3", "action_flag": 1, "change_message": "[{\"added\": {}}]"}}, {"model": "admin.logentry", "pk": 10, "fields": {"action_time": "2023-04-16T19:01:50.493Z", "user": 1, "content_type": 9, "object_id": "1", "object_repr": "SE", "action_flag": 1, "change_message": "[{\"added\": {}}]"}}, {"model": "admin.logentry", "pk": 11, "fields": {"action_time": "2023-04-16T19:01:55.074Z", "user": 1, "content_type": 9, "object_id": "2", "object_repr": "LE", "action_flag": 1, "change_message": "[{\"added\": {}}]"}}, {"model": "admin.logentry", "pk": 12, "fields": {"action_time": "2023-04-16T19:01:59.803Z", "user": 1, "content_type": 9, "object_id": "3", "object_repr": "XSE", "action_flag": 1, "change_message": "[{\"added\": {}}]"}}, {"model": "admin.logentry", "pk": 13, "fields": {"action_time": "2023-04-16T19:02:08.164Z", "user": 1, "content_type": 9, "object_id": "4", "object_repr": "Sport", "action_flag": 1, "change_message": "[{\"added\": {}}]"}}, {"model": "admin.logentry", "pk": 14, "fields": {"action_time": "2023-04-16T19:02:12.833Z", "user": 1, "content_type": 9, "object_id": "5", "object_repr": "Luxury", "action_flag": 1, "change_message": "[{\"added\": {}}]"}}, {"model": "admin.logentry", "pk": 15, "fields": {"action_time": "2023-04-16T19:02:50.061Z", "user": 1, "content_type": 10, "object_id": "1", "object_repr": "Toyota Corolla 2023", "action_flag": 1, "change_message": "[{\"added\": {}}]"}}, {"model": "admin.logentry", "pk": 16, "fields": {"action_time": "2023-04-16T19:03:00.870Z", "user": 1, "content_type": 10, "object_id": "2", "object_repr": "Toyota Camry 2022", "action_flag": 1, "change_message": "[{\"added\": {}}]"}}, {"model": "admin.logentry", "pk": 17, "fields": {"action_time": "2023-04-16T19:03:11.366Z", "user": 1, "content_type": 10, "object_id": "3", "object_repr": "BMW 3 2021", "action_flag": 1, "change_message": "[{\"added\": {}}]"}}, {"model": "admin.logentry", "pk": 18, "fields": {"action_time": "2023-04-16T19:20:40.984Z", "user": 1, "content_type": 8, "object_id": "2", "object_repr": "Camry", "action_flag": 2, "change_message": "[{\"changed\": {\"fields\": [\"Years\"]}}]"}}, {"model": "admin.logentry", "pk": 19, "fields": {"action_time": "2023-04-25T20:12:33.232Z", "user": 1, "content_type": 7, "object_id": "3", "object_repr": "Honda", "action_flag": 1, "change_message": "[{\"added\": {}}]"}}, {"model": "admin.logentry", "pk": 20, "fields": {"action_time": "2023-04-25T20:12:36.286Z", "user": 1, "content_type": 7, "object_id": "4", "object_repr": "Kia", "action_flag": 1, "change_message": "[{\"added\": {}}]"}}, {"model": "admin.logentry", "pk": 21, "fields": {"action_time": "2023-04-25T20:12:45.876Z", "user": 1, "content_type": 7, "object_id": "5", "object_repr": "Nissan", "action_flag": 1, "change_message": "[{\"added\": {}}]"}}, {"model": "admin.logentry", "pk": 22, "fields": {"action_time": "2023-04-25T20:12:47.853Z", "user": 1, "content_type": 7, "object_id": "6", "object_repr": "Ford", "action_flag": 1, "change_message": "[{\"added\": {}}]"}}, {"model": "admin.logentry", "pk": 23, "fields": {"action_time": "2023-04-25T20:12:52.002Z", "user": 1, "content_type": 7, "object_id": "7", "object_repr": "Lexus", "action_flag": 1, "change_message": "[{\"added\": {}}]"}}, {"model": "admin.logentry", "pk": 24, "fields": {"action_time": "2023-04-25T20:12:55.068Z", "user": 1, "content_type": 7, "object_id": "8", "object_repr": "Audi", "action_flag": 1, "change_message": "[{\"added\": {}}]"}}, {"model": "admin.logentry", "pk": 25, "fields": {"action_time": "2023-04-25T20:13:08.421Z", "user": 1, "content_type": 7, "object_id": "9", "object_repr": "Mercedes-Benz", "action_flag": 1, "change_message": "[{\"added\": {}}]"}}, {"model": "admin.logentry", "pk": 26, "fields": {"action_time": "2023-04-25T20:13:30.491Z", "user": 1, "content_type": 7, "object_id": "10", "object_repr": "Volkswagen", "action_flag": 1, "change_message": "[{\"added\": {}}]"}}, {"model": "admin.logentry", "pk": 27, "fields": {"action_time": "2023-04-25T20:14:07.196Z", "user": 1, "content_type": 8, "object_id": "4", "object_repr": "Crown", "action_flag": 1, "change_message": "[{\"added\": {}}]"}}, {"model": "admin.logentry", "pk": 28, "fields": {"action_time": "2023-04-25T20:14:26.150Z", "user": 1, "content_type": 11, "object_id": "4", "object_repr": "2020", "action_flag": 1, "change_message": "[{\"added\": {}}]"}}, {"model": "admin.logentry", "pk": 29, "fields": {"action_time": "2023-04-25T20:14:30.902Z", "user": 1, "content_type": 11, "object_id": "5", "object_repr": "2019", "action_flag": 1, "change_message": "[{\"added\": {}}]"}}, {"model": "admin.logentry", "pk": 30, "fields": {"action_time": "2023-04-25T20:14:35.268Z", "user": 1, "content_type": 11, "object_id": "6", "object_repr": "2018", "action_flag": 1, "change_message": "[{\"added\": {}}]"}}, {"model": "admin.logentry", "pk": 31, "fields": {"action_time": "2023-04-25T20:14:40.634Z", "user": 1, "content_type": 11, "object_id": "7", "object_repr": "2017", "action_flag": 1, "change_message": "[{\"added\": {}}]"}}, {"model": "admin.logentry", "pk": 32, "fields": {"action_time": "2023-04-25T20:15:07.201Z", "user": 1, "content_type": 8, "object_id": "5", "object_repr": "GR 86", "action_flag": 1, "change_message": "[{\"added\": {}}]"}}, {"model": "admin.logentry", "pk": 33, "fields": {"action_time": "2023-04-25T20:15:17.646Z", "user": 1, "content_type": 8, "object_id": "6", "object_repr": "Prius", "action_flag": 1, "change_message": "[{\"added\": {}}]"}}, {"model": "admin.logentry", "pk": 34, "fields": {"action_time": "2023-04-25T20:15:25.780Z", "user": 1, "content_type": 8, "object_id": "7", "object_repr": "Sienna", "action_flag": 1, "change_message": "[{\"added\": {}}]"}}, {"model": "admin.logentry", "pk": 35, "fields": {"action_time": "2023-04-25T20:15:51.486Z", "user": 1, "content_type": 8, "object_id": "8", "object_repr": "4Runner", "action_flag": 1, "change_message": "[{\"added\": {}}]"}}, {"model": "admin.logentry", "pk": 36, "fields": {"action_time": "2023-04-25T20:16:03.177Z", "user": 1, "content_type": 8, "object_id": "9", "object_repr": "Tacoma", "action_flag": 1, "change_message": "[{\"added\": {}}]"}}, {"model": "admin.logentry", "pk": 37, "fields": {"action_time": "2023-04-25T20:16:21.574Z", "user": 1, "content_type": 8, "object_id": "10", "object_repr": "C-HR", "action_flag": 1, "change_message": "[{\"added\": {}}]"}}, {"model": "admin.logentry", "pk": 38, "fields": {"action_time": "2023-04-25T20:16:36.859Z", "user": 1, "content_type": 8, "object_id": "11", "object_repr": "Highlander", "action_flag": 1, "change_message": "[{\"added\": {}}]"}}, {"model": "admin.logentry", "pk": 39, "fields": {"action_time": "2023-04-25T20:16:57.719Z", "user": 1, "content_type": 8, "object_id": "12", "object_repr": "Sequoia", "action_flag": 1, "change_message": "[{\"added\": {}}]"}}, {"model": "admin.logentry", "pk": 40, "fields": {"action_time": "2023-04-25T20:17:08.058Z", "user": 1, "content_type": 8, "object_id": "13", "object_repr": "Tundra", "action_flag": 1, "change_message": "[{\"added\": {}}]"}}, {"model": "admin.logentry", "pk": 41, "fields": {"action_time": "2023-04-25T20:17:19.042Z", "user": 1, "content_type": 8, "object_id": "14", "object_repr": "Venza", "action_flag": 1, "change_message": "[{\"added\": {}}]"}}, {"model": "admin.logentry", "pk": 42, "fields": {"action_time": "2023-04-25T20:18:37.327Z", "user": 1, "content_type": 8, "object_id": "15", "object_repr": "5 series", "action_flag": 1, "change_message": "[{\"added\": {}}]"}}, {"model": "admin.logentry", "pk": 43, "fields": {"action_time": "2023-04-25T20:18:42.624Z", "user": 1, "content_type": 8, "object_id": "16", "object_repr": "3 series", "action_flag": 1, "change_message": "[{\"added\": {}}]"}}, {"model": "admin.logentry", "pk": 44, "fields": {"action_time": "2023-04-25T20:18:52.467Z", "user": 1, "content_type": 8, "object_id": "17", "object_repr": "X5", "action_flag": 1, "change_message": "[{\"added\": {}}]"}}, {"model": "admin.logentry", "pk": 45, "fields": {"action_time": "2023-04-25T20:18:59.411Z", "user": 1, "content_type": 8, "object_id": "18", "object_repr": "X3", "action_flag": 1, "change_message": "[{\"added\": {}}]"}}, {"model": "admin.logentry", "pk": 46, "fields": {"action_time": "2023-04-25T20:19:04.364Z", "user": 1, "content_type": 8, "object_id": "19", "object_repr": "X1", "action_flag": 1, "change_message": "[{\"added\": {}}]"}}, {"model": "admin.logentry", "pk": 47, "fields": {"action_time": "2023-04-25T20:19:20.908Z", "user": 1, "content_type": 8, "object_id": "20", "object_repr": "1 series", "action_flag": 1, "change_message": "[{\"added\": {}}]"}}, {"model": "admin.logentry", "pk": 48, "fields": {"action_time": "2023-04-25T20:19:30.288Z", "user": 1, "content_type": 8, "object_id": "21", "object_repr": "2 series", "action_flag": 1, "change_message": "[{\"added\": {}}]"}}, {"model": "admin.logentry", "pk": 49, "fields": {"action_time": "2023-04-27T21:01:58.982Z", "user": 1, "content_type": 8, "object_id": "22", "object_repr": "Golf", "action_flag": 1, "change_message": "[{\"added\": {}}]"}}, {"model": "admin.logentry", "pk": 50, "fields": {"action_time": "2023-04-27T21:02:07.459Z", "user": 1, "content_type": 8, "object_id": "23", "object_repr": "Jetta", "action_flag": 1, "change_message": "[{\"added\": {}}]"}}, {"model": "admin.logentry", "pk": 51, "fields": {"action_time": "2023-04-27T21:02:19.861Z", "user": 1, "content_type": 8, "object_id": "24", "object_repr": "Passat", "action_flag": 1, "change_message": "[{\"added\": {}}]"}}, {"model": "admin.logentry", "pk": 52, "fields": {"action_time": "2023-04-27T21:02:25.939Z", "user": 1, "content_type": 8, "object_id": "25", "object_repr": "Tiguan", "action_flag": 1, "change_message": "[{\"added\": {}}]"}}, {"model": "admin.logentry", "pk": 53, "fields": {"action_time": "2023-04-27T21:02:38.571Z", "user": 1, "content_type": 8, "object_id": "26", "object_repr": "Touareg", "action_flag": 1, "change_message": "[{\"added\": {}}]"}}, {"model": "admin.logentry", "pk": 54, "fields": {"action_time": "2023-04-27T21:03:11.058Z", "user": 1, "content_type": 8, "object_id": "27", "object_repr": "Civic", "action_flag": 1, "change_message": "[{\"added\": {}}]"}}, {"model": "admin.logentry", "pk": 55, "fields": {"action_time": "2023-04-27T21:03:18.355Z", "user": 1, "content_type": 8, "object_id": "28", "object_repr": "Accord", "action_flag": 1, "change_message": "[{\"added\": {}}]"}}, {"model": "admin.logentry", "pk": 56, "fields": {"action_time": "2023-04-27T21:03:35.756Z", "user": 1, "content_type": 8, "object_id": "29", "object_repr": "CR-V", "action_flag": 1, "change_message": "[{\"added\": {}}]"}}, {"model": "admin.logentry", "pk": 57, "fields": {"action_time": "2023-04-27T21:03:47.542Z", "user": 1, "content_type": 8, "object_id": "30", "object_repr": "Odyssey", "action_flag": 1, "change_message": "[{\"added\": {}}]"}}, {"model": "admin.logentry", "pk": 58, "fields": {"action_time": "2023-04-27T21:04:08.189Z", "user": 1, "content_type": 8, "object_id": "31", "object_repr": "Optima", "action_flag": 1, "change_message": "[{\"added\": {}}]"}}, {"model": "admin.logentry", "pk": 59, "fields": {"action_time": "2023-04-27T21:04:13.280Z", "user": 1, "content_type": 8, "object_id": "32", "object_repr": "Soul", "action_flag": 1, "change_message": "[{\"added\": {}}]"}}, {"model": "admin.logentry", "pk": 60, "fields": {"action_time": "2023-04-27T21:04:23.174Z", "user": 1, "content_type": 8, "object_id": "33", "object_repr": "Sportage", "action_flag": 1, "change_message": "[{\"added\": {}}]"}}, {"model": "admin.logentry", "pk": 61, "fields": {"action_time": "2023-04-27T21:04:34.865Z", "user": 1, "content_type": 8, "object_id": "34", "object_repr": "Forte", "action_flag": 1, "change_message": "[{\"added\": {}}]"}}, {"model": "admin.logentry", "pk": 62, "fields": {"action_time": "2023-04-27T21:04:57.673Z", "user": 1, "content_type": 8, "object_id": "35", "object_repr": "Altima", "action_flag": 1, "change_message": "[{\"added\": {}}]"}}, {"model": "admin.logentry", "pk": 63, "fields": {"action_time": "2023-04-27T21:05:05.460Z", "user": 1, "content_type": 8, "object_id": "36", "object_repr": "Sentra", "action_flag": 1, "change_message": "[{\"added\": {}}]"}}, {"model": "admin.logentry", "pk": 64, "fields": {"action_time": "2023-04-27T21:05:14.034Z", "user": 1, "content_type": 8, "object_id": "37", "object_repr": "Rogue", "action_flag": 1, "change_message": "[{\"added\": {}}]"}}, {"model": "admin.logentry", "pk": 65, "fields": {"action_time": "2023-04-27T21:05:26.981Z", "user": 1, "content_type": 8, "object_id": "38", "object_repr": "Leaf", "action_flag": 1, "change_message": "[{\"added\": {}}]"}}, {"model": "admin.logentry", "pk": 66, "fields": {"action_time": "2023-04-27T21:05:52.303Z", "user": 1, "content_type": 8, "object_id": "39", "object_repr": "Mustang", "action_flag": 1, "change_message": "[{\"added\": {}}]"}}, {"model": "admin.logentry", "pk": 67, "fields": {"action_time": "2023-04-27T21:06:01.289Z", "user": 1, "content_type": 8, "object_id": "40", "object_repr": "Fusion", "action_flag": 1, "change_message": "[{\"added\": {}}]"}}, {"model": "admin.logentry", "pk": 68, "fields": {"action_time": "2023-04-27T21:06:11.952Z", "user": 1, "content_type": 8, "object_id": "41", "object_repr": "Focus", "action_flag": 1, "change_message": "[{\"added\": {}}]"}}, {"model": "admin.logentry", "pk": 69, "fields": {"action_time": "2023-04-27T21:06:23.420Z", "user": 1, "content_type": 8, "object_id": "42", "object_repr": "Escape", "action_flag": 1, "change_message": "[{\"added\": {}}]"}}, {"model": "admin.logentry", "pk": 70, "fields": {"action_time": "2023-04-27T21:06:33.155Z", "user": 1, "content_type": 8, "object_id": "43", "object_repr": "Explorer", "action_flag": 1, "change_message": "[{\"added\": {}}]"}}, {"model": "admin.logentry", "pk": 71, "fields": {"action_time": "2023-04-27T21:06:43.467Z", "user": 1, "content_type": 8, "object_id": "44", "object_repr": "Edge", "action_flag": 1, "change_message": "[{\"added\": {}}]"}}, {"model": "admin.logentry", "pk": 72, "fields": {"action_time": "2023-04-27T21:06:50.779Z", "user": 1, "content_type": 8, "object_id": "45", "object_repr": "Ranger", "action_flag": 1, "change_message": "[{\"added\": {}}]"}}, {"model": "admin.logentry", "pk": 73, "fields": {"action_time": "2023-04-27T21:07:00.334Z", "user": 1, "content_type": 8, "object_id": "46", "object_repr": "F-150", "action_flag": 1, "change_message": "[{\"added\": {}}]"}}, {"model": "admin.logentry", "pk": 74, "fields": {"action_time": "2023-04-27T21:07:25.796Z", "user": 1, "content_type": 8, "object_id": "47", "object_repr": "ES", "action_flag": 1, "change_message": "[{\"added\": {}}]"}}, {"model": "admin.logentry", "pk": 75, "fields": {"action_time": "2023-04-27T21:07:30.125Z", "user": 1, "content_type": 8, "object_id": "48", "object_repr": "GS", "action_flag": 1, "change_message": "[{\"added\": {}}]"}}, {"model": "admin.logentry", "pk": 76, "fields": {"action_time": "2023-04-27T21:07:42.985Z", "user": 1, "content_type": 8, "object_id": "49", "object_repr": "RX", "action_flag": 1, "change_message": "[{\"added\": {}}]"}}, {"model": "admin.logentry", "pk": 77, "fields": {"action_time": "2023-04-27T21:07:52.943Z", "user": 1, "content_type": 8, "object_id": "50", "object_repr": "NX", "action_flag": 1, "change_message": "[{\"added\": {}}]"}}, {"model": "admin.logentry", "pk": 78, "fields": {"action_time": "2023-04-27T21:08:09.730Z", "user": 1, "content_type": 7, "object_id": "11", "object_repr": "Tesla", "action_flag": 1, "change_message": "[{\"added\": {}}]"}}, {"model": "admin.logentry", "pk": 79, "fields": {"action_time": "2023-04-27T21:08:32.473Z", "user": 1, "content_type": 8, "object_id": "51", "object_repr": "Model 3", "action_flag": 1, "change_message": "[{\"added\": {}}]"}}, {"model": "admin.logentry", "pk": 80, "fields": {"action_time": "2023-04-27T21:08:42.625Z", "user": 1, "content_type": 8, "object_id": "52", "object_repr": "Model S", "action_flag": 1, "change_message": "[{\"added\": {}}]"}}, {"model": "admin.logentry", "pk": 81, "fields": {"action_time": "2023-04-27T21:08:54.263Z", "user": 1, "content_type": 8, "object_id": "53", "object_repr": "Model X", "action_flag": 1, "change_message": "[{\"added\": {}}]"}}, {"model": "admin.logentry", "pk": 82, "fields": {"action_time": "2023-04-27T21:09:10.571Z", "user": 1, "content_type": 8, "object_id": "54", "object_repr": "Model Y", "action_flag": 1, "change_message": "[{\"added\": {}}]"}}, {"model": "admin.logentry", "pk": 83, "fields": {"action_time": "2023-04-27T21:10:58.801Z", "user": 1, "content_type": 9, "object_id": "3", "object_repr": "XSE", "action_flag": 2, "change_message": "[{\"changed\": {\"fields\": [\"Model\"]}}]"}}, {"model": "admin.logentry", "pk": 84, "fields": {"action_time": "2023-04-27T21:13:04.512Z", "user": 1, "content_type": 9, "object_id": "2", "object_repr": "LE", "action_flag": 2, "change_message": "[{\"changed\": {\"fields\": [\"Model\"]}}]"}}, {"model": "admin.logentry", "pk": 85, "fields": {"action_time": "2023-04-27T21:13:24.254Z", "user": 1, "content_type": 8, "object_id": "55", "object_repr": "Rav 4", "action_flag": 1, "change_message": "[{\"added\": {}}]"}}, {"model": "admin.logentry", "pk": 86, "fields": {"action_time": "2023-04-27T21:13:38.246Z", "user": 1, "content_type": 9, "object_id": "2", "object_repr": "LE", "action_flag": 2, "change_message": "[{\"changed\": {\"fields\": [\"Model\"]}}]"}}, {"model": "admin.logentry", "pk": 87, "fields": {"action_time": "2023-04-27T21:13:54.524Z", "user": 1, "content_type": 9, "object_id": "1", "object_repr": "SE", "action_flag": 2, "change_message": "[{\"changed\": {\"fields\": [\"Model\"]}}]"}}, {"model": "admin.logentry", "pk": 88, "fields": {"action_time": "2023-04-27T21:15:53.898Z", "user": 1, "content_type": 8, "object_id": "55", "object_repr": "Rav 4 (2WD)", "action_flag": 2, "change_message": "[{\"changed\": {\"fields\": [\"Model\"]}}]"}}, {"model": "admin.logentry", "pk": 89, "fields": {"action_time": "2023-04-27T21:16:10.427Z", "user": 1, "content_type": 8, "object_id": "56", "object_repr": "Rav 4 (AWD)", "action_flag": 1, "change_message": "[{\"added\": {}}]"}}, {"model": "admin.logentry", "pk": 90, "fields": {"action_time": "2023-04-27T21:17:43.112Z", "user": 1, "content_type": 8, "object_id": "57", "object_repr": "Escape (2WD)", "action_flag": 1, "change_message": "[{\"added\": {}}]"}}, {"model": "admin.logentry", "pk": 91, "fields": {"action_time": "2023-04-27T21:18:17.173Z", "user": 1, "content_type": 8, "object_id": "58", "object_repr": "F-150 (2WD)", "action_flag": 1, "change_message": "[{\"added\": {}}]"}}, {"model": "admin.logentry", "pk": 92, "fields": {"action_time": "2023-04-27T21:19:44.638Z", "user": 1, "content_type": 9, "object_id": "6", "object_repr": "SE", "action_flag": 1, "change_message": "[{\"added\": {}}]"}}, {"model": "admin.logentry", "pk": 93, "fields": {"action_time": "2023-04-27T21:20:02.445Z", "user": 1, "content_type": 9, "object_id": "7", "object_repr": "SEL", "action_flag": 1, "change_message": "[{\"added\": {}}]"}}, {"model": "admin.logentry", "pk": 94, "fields": {"action_time": "2023-04-27T21:20:37.524Z", "user": 1, "content_type": 9, "object_id": "8", "object_repr": "XLT", "action_flag": 1, "change_message": "[{\"added\": {}}]"}}, {"model": "admin.logentry", "pk": 95, "fields": {"action_time": "2023-04-27T21:22:13.764Z", "user": 1, "content_type": 9, "object_id": "9", "object_repr": "LX", "action_flag": 1, "change_message": "[{\"added\": {}}]"}}, {"model": "admin.logentry", "pk": 96, "fields": {"action_time": "2023-04-27T21:22:47.335Z", "user": 1, "content_type": 9, "object_id": "10", "object_repr": "EX", "action_flag": 1, "change_message": "[{\"added\": {}}]"}}, {"model": "admin.logentry", "pk": 97, "fields": {"action_time": "2023-04-27T21:23:03.939Z", "user": 1, "content_type": 9, "object_id": "11", "object_repr": "Touring", "action_flag": 1, "change_message": "[{\"added\": {}}]"}}, {"model": "admin.logentry", "pk": 98, "fields": {"action_time": "2023-04-27T21:23:48.140Z", "user": 1, "content_type": 10, "object_id": "4", "object_repr": "Toyota Corolla 2023", "action_flag": 1, "change_message": "[{\"added\": {}}]"}}, {"model": "admin.logentry", "pk": 99, "fields": {"action_time": "2023-04-27T21:24:07.377Z", "user": 1, "content_type": 10, "object_id": "5", "object_repr": "Toyota Corolla 2023", "action_flag": 1, "change_message": "[{\"added\": {}}]"}}, {"model": "admin.logentry", "pk": 100, "fields": {"action_time": "2023-04-27T21:24:32.384Z", "user": 1, "content_type": 10, "object_id": "6", "object_repr": "Toyota Corolla 2023", "action_flag": 1, "change_message": "[{\"added\": {}}]"}}, {"model": "admin.logentry", "pk": 101, "fields": {"action_time": "2023-04-27T21:24:45.231Z", "user": 1, "content_type": 10, "object_id": "7", "object_repr": "Toyota Camry 2023", "action_flag": 1, "change_message": "[{\"added\": {}}]"}}, {"model": "admin.logentry", "pk": 102, "fields": {"action_time": "2023-04-27T21:25:02.724Z", "user": 1, "content_type": 10, "object_id": "8", "object_repr": "Toyota Camry 2023", "action_flag": 1, "change_message": "[{\"added\": {}}]"}}, {"model": "admin.logentry", "pk": 103, "fields": {"action_time": "2023-04-27T21:25:20.198Z", "user": 1, "content_type": 10, "object_id": "9", "object_repr": "Toyota Camry 2023", "action_flag": 1, "change_message": "[{\"added\": {}}]"}}, {"model": "admin.logentry", "pk": 104, "fields": {"action_time": "2023-04-27T21:25:37.723Z", "user": 1, "content_type": 10, "object_id": "10", "object_repr": "Toyota Corolla 2022", "action_flag": 1, "change_message": "[{\"added\": {}}]"}}, {"model": "admin.logentry", "pk": 105, "fields": {"action_time": "2023-04-27T21:25:57.417Z", "user": 1, "content_type": 10, "object_id": "11", "object_repr": "Toyota Camry 2022", "action_flag": 1, "change_message": "[{\"added\": {}}]"}}, {"model": "admin.logentry", "pk": 106, "fields": {"action_time": "2023-04-27T21:27:11.609Z", "user": 1, "content_type": 8, "object_id": "3", "object_repr": "3", "action_flag": 2, "change_message": "[{\"changed\": {\"fields\": [\"Popularity\"]}}]"}}, {"model": "admin.logentry", "pk": 107, "fields": {"action_time": "2023-04-27T21:28:21.198Z", "user": 1, "content_type": 9, "object_id": "12", "object_repr": "Standard Range Plus", "action_flag": 1, "change_message": "[{\"added\": {}}]"}}, {"model": "admin.logentry", "pk": 108, "fields": {"action_time": "2023-04-27T21:28:34.429Z", "user": 1, "content_type": 9, "object_id": "13", "object_repr": "Long Range", "action_flag": 1, "change_message": "[{\"added\": {}}]"}}, {"model": "admin.logentry", "pk": 109, "fields": {"action_time": "2023-04-27T21:28:43.613Z", "user": 1, "content_type": 9, "object_id": "14", "object_repr": "Performance", "action_flag": 1, "change_message": "[{\"added\": {}}]"}}, {"model": "admin.logentry", "pk": 110, "fields": {"action_time": "2023-04-27T21:29:11.075Z", "user": 1, "content_type": 10, "object_id": "12", "object_repr": "Tesla Model 3 2023", "action_flag": 1, "change_message": "[{\"added\": {}}]"}}, {"model": "admin.logentry", "pk": 111, "fields": {"action_time": "2023-04-27T21:29:29.426Z", "user": 1, "content_type": 10, "object_id": "13", "object_repr": "Tesla Model 3 2023", "action_flag": 1, "change_message": "[{\"added\": {}}]"}}, {"model": "admin.logentry", "pk": 112, "fields": {"action_time": "2023-04-27T21:29:52.488Z", "user": 1, "content_type": 10, "object_id": "14", "object_repr": "Tesla Model 3 2023", "action_flag": 1, "change_message": "[{\"added\": {}}]"}}, {"model": "admin.logentry", "pk": 113, "fields": {"action_time": "2023-04-27T21:49:42.315Z", "user": 1, "content_type": 10, "object_id": "15", "object_repr": "Tesla Model 3 2022", "action_flag": 1, "change_message": "[{\"added\": {}}]"}}, {"model": "admin.logentry", "pk": 114, "fields": {"action_time": "2023-04-27T21:49:58.714Z", "user": 1, "content_type": 10, "object_id": "16", "object_repr": "Tesla Model 3 2022", "action_flag": 1, "change_message": "[{\"added\": {}}]"}}, {"model": "admin.logentry", "pk": 115, "fields": {"action_time": "2023-04-27T21:50:13.732Z", "user": 1, "content_type": 10, "object_id": "17", "object_repr": "Tesla Model 3 2022", "action_flag": 1, "change_message": "[{\"added\": {}}]"}}, {"model": "admin.logentry", "pk": 116, "fields": {"action_time": "2023-04-27T21:50:58.298Z", "user": 1, "content_type": 10, "object_id": "18", "object_repr": "Honda Civic 2023", "action_flag": 1, "change_message": "[{\"added\": {}}]"}}, {"model": "admin.logentry", "pk": 117, "fields": {"action_time": "2023-04-27T21:51:27.050Z", "user": 1, "content_type": 10, "object_id": "19", "object_repr": "Honda Civic 2023", "action_flag": 1, "change_message": "[{\"added\": {}}]"}}, {"model": "admin.logentry", "pk": 118, "fields": {"action_time": "2023-04-27T21:51:59.685Z", "user": 1, "content_type": 10, "object_id": "20", "object_repr": "Honda Civic 2023", "action_flag": 1, "change_message": "[{\"added\": {}}]"}}, {"model": "admin.logentry", "pk": 119, "fields": {"action_time": "2023-04-27T21:52:22.537Z", "user": 1, "content_type": 10, "object_id": "21", "object_repr": "Honda Civic 2022", "action_flag": 1, "change_message": "[{\"added\": {}}]"}}, {"model": "admin.logentry", "pk": 120, "fields": {"action_time": "2023-04-27T21:52:38.601Z", "user": 1, "content_type": 10, "object_id": "22", "object_repr": "Honda Civic 2022", "action_flag": 1, "change_message": "[{\"added\": {}}]"}}, {"model": "admin.logentry", "pk": 121, "fields": {"action_time": "2023-04-27T21:52:57.148Z", "user": 1, "content_type": 10, "object_id": "23", "object_repr": "Honda Civic 2022", "action_flag": 1, "change_message": "[{\"added\": {}}]"}}, {"model": "admin.logentry", "pk": 122, "fields": {"action_time": "2023-04-27T21:53:56.448Z", "user": 1, "content_type": 10, "object_id": "24", "object_repr": "Toyota Rav 4 (2WD) 2023", "action_flag": 1, "change_message": "[{\"added\": {}}]"}}, {"model": "admin.logentry", "pk": 123, "fields": {"action_time": "2023-04-27T21:54:30.676Z", "user": 1, "content_type": 10, "object_id": "25", "object_repr": "Toyota Rav 4 (AWD) 2023", "action_flag": 1, "change_message": "[{\"added\": {}}]"}}, {"model": "admin.logentry", "pk": 124, "fields": {"action_time": "2023-04-27T21:54:57.330Z", "user": 1, "content_type": 10, "object_id": "26", "object_repr": "Toyota Rav 4 (AWD) 2023", "action_flag": 1, "change_message": "[{\"added\": {}}]"}}, {"model": "admin.logentry", "pk": 125, "fields": {"action_time": "2023-05-08T17:58:51.197Z", "user": 1, "content_type": 9, "object_id": "14", "object_repr": "Performance", "action_flag": 2, "change_message": "[{\"changed\": {\"fields\": [\"Make\"]}}]"}}, {"model": "admin.logentry", "pk": 126, "fields": {"action_time": "2023-05-08T17:58:55.846Z", "user": 1, "content_type": 9, "object_id": "13", "object_repr": "Long Range", "action_flag": 2, "change_message": "[{\"changed\": {\"fields\": [\"Make\"]}}]"}}, {"model": "admin.logentry", "pk": 127, "fields": {"action_time": "2023-05-08T17:58:59.297Z", "user": 1, "content_type": 9, "object_id": "12", "object_repr": "Standard Range Plus", "action_flag": 2, "change_message": "[{\"changed\": {\"fields\": [\"Make\"]}}]"}}, {"model": "admin.logentry", "pk": 128, "fields": {"action_time": "2023-05-08T17:59:02.810Z", "user": 1, "content_type": 9, "object_id": "12", "object_repr": "Standard Range Plus", "action_flag": 2, "change_message": "[]"}}, {"model": "admin.logentry", "pk": 129, "fields": {"action_time": "2023-05-08T17:59:07.062Z", "user": 1, "content_type": 9, "object_id": "11", "object_repr": "Touring", "action_flag": 2, "change_message": "[{\"changed\": {\"fields\": [\"Make\"]}}]"}}, {"model": "admin.logentry", "pk": 130, "fields": {"action_time": "2023-05-08T17:59:11.560Z", "user": 1, "content_type": 9, "object_id": "10", "object_repr": "EX", "action_flag": 2, "change_message": "[{\"changed\": {\"fields\": [\"Make\"]}}]"}}, {"model": "admin.logentry", "pk": 131, "fields": {"action_time": "2023-05-08T17:59:18.070Z", "user": 1, "content_type": 9, "object_id": "9", "object_repr": "LX", "action_flag": 2, "change_message": "[{\"changed\": {\"fields\": [\"Make\"]}}]"}}, {"model": "admin.logentry", "pk": 132, "fields": {"action_time": "2023-05-08T17:59:22.481Z", "user": 1, "content_type": 9, "object_id": "8", "object_repr": "XLT", "action_flag": 2, "change_message": "[{\"changed\": {\"fields\": [\"Make\"]}}]"}}, {"model": "admin.logentry", "pk": 133, "fields": {"action_time": "2023-05-08T17:59:28.049Z", "user": 1, "content_type": 9, "object_id": "7", "object_repr": "SEL", "action_flag": 2, "change_message": "[{\"changed\": {\"fields\": [\"Make\"]}}]"}}, {"model": "admin.logentry", "pk": 134, "fields": {"action_time": "2023-05-08T17:59:31.930Z", "user": 1, "content_type": 9, "object_id": "6", "object_repr": "SE", "action_flag": 2, "change_message": "[{\"changed\": {\"fields\": [\"Make\"]}}]"}}, {"model": "admin.logentry", "pk": 135, "fields": {"action_time": "2023-05-08T17:59:36.213Z", "user": 1, "content_type": 9, "object_id": "6", "object_repr": "SE", "action_flag": 2, "change_message": "[]"}}, {"model": "admin.logentry", "pk": 136, "fields": {"action_time": "2023-05-08T17:59:41.409Z", "user": 1, "content_type": 9, "object_id": "5", "object_repr": "Luxury", "action_flag": 2, "change_message": "[{\"changed\": {\"fields\": [\"Make\"]}}]"}}, {"model": "admin.logentry", "pk": 137, "fields": {"action_time": "2023-05-08T17:59:46.434Z", "user": 1, "content_type": 9, "object_id": "4", "object_repr": "Sport", "action_flag": 2, "change_message": "[{\"changed\": {\"fields\": [\"Make\"]}}]"}}, {"model": "admin.logentry", "pk": 138, "fields": {"action_time": "2023-05-08T17:59:49.026Z", "user": 1, "content_type": 9, "object_id": "3", "object_repr": "XSE", "action_flag": 2, "change_message": "[]"}}, {"model": "admin.logentry", "pk": 139, "fields": {"action_time": "2023-05-08T18:01:41.489Z", "user": 1, "content_type": 10, "object_id": "3", "object_repr": "BMW 3 Sport 2021 30000.00", "action_flag": 3, "change_message": ""}}, {"model": "admin.logentry", "pk": 140, "fields": {"action_time": "2023-05-08T18:02:03.348Z", "user": 1, "content_type": 11, "object_id": "7", "object_repr": "2017", "action_flag": 3, "change_message": ""}}, {"model": "admin.logentry", "pk": 141, "fields": {"action_time": "2023-05-08T18:02:03.350Z", "user": 1, "content_type": 11, "object_id": "6", "object_repr": "2018", "action_flag": 3, "change_message": ""}}, {"model": "admin.logentry", "pk": 142, "fields": {"action_time": "2023-05-08T18:02:03.351Z", "user": 1, "content_type": 11, "object_id": "5", "object_repr": "2019", "action_flag": 3, "change_message": ""}}, {"model": "admin.logentry", "pk": 143, "fields": {"action_time": "2023-05-08T18:02:03.352Z", "user": 1, "content_type": 11, "object_id": "4", "object_repr": "2020", "action_flag": 3, "change_message": ""}}, {"model": "admin.logentry", "pk": 144, "fields": {"action_time": "2023-05-08T18:02:03.353Z", "user": 1, "content_type": 11, "object_id": "3", "object_repr": "2021", "action_flag": 3, "change_message": ""}}, {"model": "admin.logentry", "pk": 145, "fields": {"action_time": "2023-05-08T18:03:24.723Z", "user": 1, "content_type": 9, "object_id": "6", "object_repr": "SE", "action_flag": 3, "change_message": ""}}, {"model": "admin.logentry", "pk": 146, "fields": {"action_time": "2023-05-08T18:06:33.970Z", "user": 1, "content_type": 10, "object_id": "27", "object_repr": "Honda Accord EX 2023 39000", "action_flag": 1, "change_message": "[{\"added\": {}}]"}}, {"model": "admin.logentry", "pk": 147, "fields": {"action_time": "2023-05-08T18:06:53.899Z", "user": 1, "content_type": 10, "object_id": "28", "object_repr": "Honda Accord EX 2022 37000", "action_flag": 1, "change_message": "[{\"added\": {}}]"}}, {"model": "admin.logentry", "pk": 148, "fields": {"action_time": "2023-05-08T18:07:29.018Z", "user": 1, "content_type": 10, "object_id": "29", "object_repr": "Honda Accord Touring 2023 46500", "action_flag": 1, "change_message": "[{\"added\": {}}]"}}, {"model": "admin.logentry", "pk": 149, "fields": {"action_time": "2023-05-08T18:07:46.553Z", "user": 1, "content_type": 10, "object_id": "30", "object_repr": "Honda Accord Touring 2022 44000", "action_flag": 1, "change_message": "[{\"added\": {}}]"}}, {"model": "admin.logentry", "pk": 150, "fields": {"action_time": "2023-05-08T18:08:42.504Z", "user": 1, "content_type": 10, "object_id": "31", "object_repr": "Honda CR-V LX 2023 39100", "action_flag": 1, "change_message": "[{\"added\": {}}]"}}, {"model": "admin.logentry", "pk": 151, "fields": {"action_time": "2023-05-08T18:09:18.944Z", "user": 1, "content_type": 10, "object_id": "32", "object_repr": "Honda CR-V LX 2022 37000", "action_flag": 1, "change_message": "[{\"added\": {}}]"}}, {"model": "admin.logentry", "pk": 152, "fields": {"action_time": "2023-05-08T18:09:37.453Z", "user": 1, "content_type": 10, "object_id": "33", "object_repr": "Honda CR-V EX 2023 45200", "action_flag": 1, "change_message": "[{\"added\": {}}]"}}, {"model": "admin.logentry", "pk": 153, "fields": {"action_time": "2023-05-08T18:10:05.246Z", "user": 1, "content_type": 10, "object_id": "34", "object_repr": "Honda CR-V EX 2022 43000", "action_flag": 1, "change_message": "[{\"added\": {}}]"}}, {"model": "admin.logentry", "pk": 154, "fields": {"action_time": "2023-05-08T18:23:16.852Z", "user": 1, "content_type": 10, "object_id": "35", "object_repr": "Honda CR-V EX 2022 43000", "action_flag": 1, "change_message": "[{\"added\": {}}]"}}, {"model": "admin.logentry", "pk": 155, "fields": {"action_time": "2023-05-08T18:57:50.070Z", "user": 1, "content_type": 9, "object_id": "14", "object_repr": "Performance", "action_flag": 2, "change_message": "[{\"changed\": {\"fields\": [\"Model\"]}}]"}}, {"model": "admin.logentry", "pk": 156, "fields": {"action_time": "2023-05-08T18:58:10.658Z", "user": 1, "content_type": 9, "object_id": "13", "object_repr": "Long Range", "action_flag": 2, "change_message": "[{\"changed\": {\"fields\": [\"Model\"]}}]"}}, {"model": "admin.logentry", "pk": 157, "fields": {"action_time": "2023-05-08T18:58:17.742Z", "user": 1, "content_type": 9, "object_id": "12", "object_repr": "Standard Range Plus", "action_flag": 2, "change_message": "[{\"changed\": {\"fields\": [\"Model\"]}}]"}}, {"model": "admin.logentry", "pk": 158, "fields": {"action_time": "2023-05-08T18:59:37.093Z", "user": 1, "content_type": 9, "object_id": "15", "object_repr": "Model S Perfomance", "action_flag": 1, "change_message": "[{\"added\": {}}]"}}, {"model": "admin.logentry", "pk": 159, "fields": {"action_time": "2023-05-08T18:59:55.790Z", "user": 1, "content_type": 9, "object_id": "16", "object_repr": "Model S Long range", "action_flag": 1, "change_message": "[{\"added\": {}}]"}}, {"model": "admin.logentry", "pk": 160, "fields": {"action_time": "2023-05-08T19:00:03.523Z", "user": 1, "content_type": 9, "object_id": "17", "object_repr": "Model X Long range", "action_flag": 1, "change_message": "[{\"added\": {}}]"}}, {"model": "admin.logentry", "pk": 161, "fields": {"action_time": "2023-05-08T19:00:31.884Z", "user": 1, "content_type": 9, "object_id": "18", "object_repr": "Model X Perfomance", "action_flag": 1, "change_message": "[{\"added\": {}}]"}}, {"model": "admin.logentry", "pk": 162, "fields": {"action_time": "2023-05-08T19:00:47.205Z", "user": 1, "content_type": 9, "object_id": "11", "object_repr": "Civic Touring", "action_flag": 2, "change_message": "[{\"changed\": {\"fields\": [\"Model\"]}}]"}}, {"model": "admin.logentry", "pk": 163, "fields": {"action_time": "2023-05-08T19:00:55.225Z", "user": 1, "content_type": 9, "object_id": "10", "object_repr": "Civic EX", "action_flag": 2, "change_message": "[{\"changed\": {\"fields\": [\"Model\"]}}]"}}, {"model": "admin.logentry", "pk": 164, "fields": {"action_time": "2023-05-08T19:01:01.987Z", "user": 1, "content_type": 9, "object_id": "9", "object_repr": "Civic LX", "action_flag": 2, "change_message": "[{\"changed\": {\"fields\": [\"Model\"]}}]"}}, {"model": "admin.logentry", "pk": 165, "fields": {"action_time": "2023-05-08T19:01:06.911Z", "user": 1, "content_type": 9, "object_id": "8", "object_repr": "Civic XLT", "action_flag": 2, "change_message": "[{\"changed\": {\"fields\": [\"Model\"]}}]"}}, {"model": "admin.logentry", "pk": 166, "fields": {"action_time": "2023-05-08T19:01:19.477Z", "user": 1, "content_type": 9, "object_id": "7", "object_repr": "Fusion SEL", "action_flag": 2, "change_message": "[{\"changed\": {\"fields\": [\"Model\"]}}]"}}, {"model": "admin.logentry", "pk": 167, "fields": {"action_time": "2023-05-08T19:01:26.188Z", "user": 1, "content_type": 9, "object_id": "5", "object_repr": "3 Luxury", "action_flag": 2, "change_message": "[{\"changed\": {\"fields\": [\"Model\"]}}]"}}, {"model": "admin.logentry", "pk": 168, "fields": {"action_time": "2023-05-08T19:01:31.122Z", "user": 1, "content_type": 9, "object_id": "4", "object_repr": "3 Sport", "action_flag": 2, "change_message": "[{\"changed\": {\"fields\": [\"Model\"]}}]"}}, {"model": "admin.logentry", "pk": 169, "fields": {"action_time": "2023-05-08T19:01:46.950Z", "user": 1, "content_type": 9, "object_id": "8", "object_repr": "F-150 (2WD) XLT", "action_flag": 2, "change_message": "[{\"changed\": {\"fields\": [\"Model\"]}}]"}}, {"model": "admin.logentry", "pk": 170, "fields": {"action_time": "2023-05-08T19:10:45.214Z", "user": 1, "content_type": 9, "object_id": "19", "object_repr": "Camry XSE", "action_flag": 1, "change_message": "[{\"added\": {}}]"}}, {"model": "admin.logentry", "pk": 171, "fields": {"action_time": "2023-05-08T19:10:51.618Z", "user": 1, "content_type": 9, "object_id": "20", "object_repr": "Camry LE", "action_flag": 1, "change_message": "[{\"added\": {}}]"}}, {"model": "admin.logentry", "pk": 172, "fields": {"action_time": "2023-05-08T19:10:55.252Z", "user": 1, "content_type": 9, "object_id": "21", "object_repr": "Camry SE", "action_flag": 1, "change_message": "[{\"added\": {}}]"}}, {"model": "admin.logentry", "pk": 173, "fields": {"action_time": "2023-05-08T19:11:22.692Z", "user": 1, "content_type": 9, "object_id": "22", "object_repr": "Rav 4 (AWD) SE", "action_flag": 1, "change_message": "[{\"added\": {}}]"}}, {"model": "admin.logentry", "pk": 174, "fields": {"action_time": "2023-05-08T19:11:36.185Z", "user": 1, "content_type": 9, "object_id": "23", "object_repr": "Rav 4 (AWD) XSE", "action_flag": 1, "change_message": "[{\"added\": {}}]"}}, {"model": "admin.logentry", "pk": 175, "fields": {"action_time": "2023-05-08T19:11:44.238Z", "user": 1, "content_type": 9, "object_id": "24", "object_repr": "Rav 4 (AWD) LE", "action_flag": 1, "change_message": "[{\"added\": {}}]"}}, {"model": "admin.logentry", "pk": 176, "fields": {"action_time": "2023-05-08T19:11:50.378Z", "user": 1, "content_type": 9, "object_id": "25", "object_repr": "Rav 4 (2WD) SE", "action_flag": 1, "change_message": "[{\"added\": {}}]"}}, {"model": "admin.logentry", "pk": 177, "fields": {"action_time": "2023-05-08T19:11:56.687Z", "user": 1, "content_type": 9, "object_id": "26", "object_repr": "Rav 4 (2WD) LE", "action_flag": 1, "change_message": "[{\"added\": {}}]"}}, {"model": "admin.logentry", "pk": 178, "fields": {"action_time": "2023-05-08T19:12:03.469Z", "user": 1, "content_type": 9, "object_id": "27", "object_repr": "Prius SE", "action_flag": 1, "change_message": "[{\"added\": {}}]"}}, {"model": "admin.logentry", "pk": 179, "fields": {"action_time": "2023-05-08T19:12:07.917Z", "user": 1, "content_type": 9, "object_id": "28", "object_repr": "Prius LE", "action_flag": 1, "change_message": "[{\"added\": {}}]"}}, {"model": "admin.logentry", "pk": 180, "fields": {"action_time": "2023-05-08T19:12:17.587Z", "user": 1, "content_type": 9, "object_id": "29", "object_repr": "Tacoma SE", "action_flag": 1, "change_message": "[{\"added\": {}}]"}}, {"model": "admin.logentry", "pk": 181, "fields": {"action_time": "2023-05-08T19:12:21.782Z", "user": 1, "content_type": 9, "object_id": "30", "object_repr": "Tacoma LE", "action_flag": 1, "change_message": "[{\"added\": {}}]"}}, {"model": "admin.logentry", "pk": 182, "fields": {"action_time": "2023-05-08T19:15:00.380Z", "user": 1, "content_type": 9, "object_id": "31", "object_repr": "5 series Sport", "action_flag": 1, "change_message": "[{\"added\": {}}]"}}, {"model": "admin.logentry", "pk": 183, "fields": {"action_time": "2023-05-08T19:15:05.051Z", "user": 1, "content_type": 9, "object_id": "32", "object_repr": "3 Sport", "action_flag": 1, "change_message": "[{\"added\": {}}]"}}, {"model": "admin.logentry", "pk": 184, "fields": {"action_time": "2023-05-08T19:15:10.849Z", "user": 1, "content_type": 9, "object_id": "33", "object_repr": "3 Base", "action_flag": 1, "change_message": "[{\"added\": {}}]"}}, {"model": "admin.logentry", "pk": 185, "fields": {"action_time": "2023-05-08T19:15:14.814Z", "user": 1, "content_type": 9, "object_id": "34", "object_repr": "5 series Base", "action_flag": 1, "change_message": "[{\"added\": {}}]"}}, {"model": "admin.logentry", "pk": 186, "fields": {"action_time": "2023-05-08T19:15:22.336Z", "user": 1, "content_type": 9, "object_id": "35", "object_repr": "3 Luxury", "action_flag": 1, "change_message": "[{\"added\": {}}]"}}, {"model": "admin.logentry", "pk": 187, "fields": {"action_time": "2023-05-08T19:15:26.250Z", "user": 1, "content_type": 9, "object_id": "36", "object_repr": "5 series Luxury", "action_flag": 1, "change_message": "[{\"added\": {}}]"}}, {"model": "admin.logentry", "pk": 188, "fields": {"action_time": "2023-05-08T19:17:00.412Z", "user": 1, "content_type": 9, "object_id": "37", "object_repr": "Rav 4 (AWD) Trail", "action_flag": 1, "change_message": "[{\"added\": {}}]"}}, {"model": "admin.logentry", "pk": 189, "fields": {"action_time": "2023-05-08T19:17:06.281Z", "user": 1, "content_type": 9, "object_id": "38", "object_repr": "Rav 4 (AWD) Limited", "action_flag": 1, "change_message": "[{\"added\": {}}]"}}, {"model": "admin.logentry", "pk": 190, "fields": {"action_time": "2023-05-08T19:17:40.279Z", "user": 1, "content_type": 9, "object_id": "39", "object_repr": "Accord LX", "action_flag": 1, "change_message": "[{\"added\": {}}]"}}, {"model": "admin.logentry", "pk": 191, "fields": {"action_time": "2023-05-08T19:17:47.711Z", "user": 1, "content_type": 9, "object_id": "40", "object_repr": "Accord Sport", "action_flag": 1, "change_message": "[{\"added\": {}}]"}}, {"model": "admin.logentry", "pk": 192, "fields": {"action_time": "2023-05-08T19:17:56.458Z", "user": 1, "content_type": 9, "object_id": "41", "object_repr": "Accord Touring", "action_flag": 1, "change_message": "[{\"added\": {}}]"}}, {"model": "admin.logentry", "pk": 193, "fields": {"action_time": "2023-05-08T19:18:03.389Z", "user": 1, "content_type": 9, "object_id": "42", "object_repr": "CR-V Touring", "action_flag": 1, "change_message": "[{\"added\": {}}]"}}, {"model": "admin.logentry", "pk": 194, "fields": {"action_time": "2023-05-08T19:18:30.209Z", "user": 1, "content_type": 9, "object_id": "43", "object_repr": "CR-V EX", "action_flag": 1, "change_message": "[{\"added\": {}}]"}}, {"model": "admin.logentry", "pk": 195, "fields": {"action_time": "2023-05-08T19:18:38.533Z", "user": 1, "content_type": 9, "object_id": "44", "object_repr": "CR-V LX", "action_flag": 1, "change_message": "[{\"added\": {}}]"}}, {"model": "admin.logentry", "pk": 196, "fields": {"action_time": "2023-05-08T19:18:50.230Z", "user": 1, "content_type": 9, "object_id": "45", "object_repr": "Odyssey LX", "action_flag": 1, "change_message": "[{\"added\": {}}]"}}, {"model": "admin.logentry", "pk": 197, "fields": {"action_time": "2023-05-08T19:19:00.279Z", "user": 1, "content_type": 9, "object_id": "46", "object_repr": "Odyssey EX", "action_flag": 1, "change_message": "[{\"added\": {}}]"}}, {"model": "admin.logentry", "pk": 198, "fields": {"action_time": "2023-05-08T19:19:06.363Z", "user": 1, "content_type": 9, "object_id": "47", "object_repr": "Odyssey Touring", "action_flag": 1, "change_message": "[{\"added\": {}}]"}}, {"model": "admin.logentry", "pk": 199, "fields": {"action_time": "2023-05-08T19:19:38.487Z", "user": 1, "content_type": 9, "object_id": "48", "object_repr": "Highlander XLE", "action_flag": 1, "change_message": "[{\"added\": {}}]"}}, {"model": "admin.logentry", "pk": 200, "fields": {"action_time": "2023-05-08T19:19:44.376Z", "user": 1, "content_type": 9, "object_id": "49", "object_repr": "Tundra XLE", "action_flag": 1, "change_message": "[{\"added\": {}}]"}}, {"model": "admin.logentry", "pk": 201, "fields": {"action_time": "2023-05-08T19:19:49.830Z", "user": 1, "content_type": 9, "object_id": "50", "object_repr": "Venza XSE", "action_flag": 1, "change_message": "[{\"added\": {}}]"}}, {"model": "admin.logentry", "pk": 202, "fields": {"action_time": "2023-05-08T19:20:02.648Z", "user": 1, "content_type": 9, "object_id": "51", "object_repr": "X5 Luxury", "action_flag": 1, "change_message": "[{\"added\": {}}]"}}, {"model": "admin.logentry", "pk": 203, "fields": {"action_time": "2023-05-08T19:20:08.013Z", "user": 1, "content_type": 9, "object_id": "52", "object_repr": "X3 Luxury", "action_flag": 1, "change_message": "[{\"added\": {}}]"}}, {"model": "admin.logentry", "pk": 204, "fields": {"action_time": "2023-05-08T19:20:11.947Z", "user": 1, "content_type": 9, "object_id": "53", "object_repr": "X5 Base", "action_flag": 1, "change_message": "[{\"added\": {}}]"}}, {"model": "admin.logentry", "pk": 205, "fields": {"action_time": "2023-05-08T19:20:15.377Z", "user": 1, "content_type": 9, "object_id": "54", "object_repr": "X3 Base", "action_flag": 1, "change_message": "[{\"added\": {}}]"}}, {"model": "admin.logentry", "pk": 206, "fields": {"action_time": "2023-05-08T19:20:21.347Z", "user": 1, "content_type": 9, "object_id": "55", "object_repr": "X1 Base", "action_flag": 1, "change_message": "[{\"added\": {}}]"}}, {"model": "admin.logentry", "pk": 207, "fields": {"action_time": "2023-05-08T19:20:30.502Z", "user": 1, "content_type": 9, "object_id": "56", "object_repr": "4Runner Trail", "action_flag": 1, "change_message": "[{\"added\": {}}]"}}, {"model": "admin.logentry", "pk": 208, "fields": {"action_time": "2023-05-08T19:20:40.668Z", "user": 1, "content_type": 9, "object_id": "57", "object_repr": "Sienna LE", "action_flag": 1, "change_message": "[{\"added\": {}}]"}}, {"model": "admin.logentry", "pk": 209, "fields": {"action_time": "2023-05-08T19:20:55.932Z", "user": 1, "content_type": 9, "object_id": "58", "object_repr": "Mustang GT", "action_flag": 1, "change_message": "[{\"added\": {}}]"}}, {"model": "admin.logentry", "pk": 210, "fields": {"action_time": "2023-05-08T19:21:04.150Z", "user": 1, "content_type": 9, "object_id": "59", "object_repr": "Focus SE", "action_flag": 1, "change_message": "[{\"added\": {}}]"}}, {"model": "admin.logentry", "pk": 211, "fields": {"action_time": "2023-05-08T19:21:12.795Z", "user": 1, "content_type": 9, "object_id": "60", "object_repr": "Escape SE", "action_flag": 1, "change_message": "[{\"added\": {}}]"}}, {"model": "admin.logentry", "pk": 212, "fields": {"action_time": "2023-05-08T19:21:18.856Z", "user": 1, "content_type": 9, "object_id": "61", "object_repr": "Edge SE", "action_flag": 1, "change_message": "[{\"added\": {}}]"}}, {"model": "admin.logentry", "pk": 213, "fields": {"action_time": "2023-05-08T19:21:29.773Z", "user": 1, "content_type": 9, "object_id": "62", "object_repr": "Explorer XLT", "action_flag": 1, "change_message": "[{\"added\": {}}]"}}, {"model": "admin.logentry", "pk": 214, "fields": {"action_time": "2023-05-08T19:21:37.278Z", "user": 1, "content_type": 9, "object_id": "63", "object_repr": "F-150 Lariat", "action_flag": 1, "change_message": "[{\"added\": {}}]"}}, {"model": "admin.logentry", "pk": 215, "fields": {"action_time": "2023-05-08T19:22:38.490Z", "user": 1, "content_type": 9, "object_id": "64", "object_repr": "GS 350 AWD", "action_flag": 1, "change_message": "[{\"added\": {}}]"}}, {"model": "admin.logentry", "pk": 216, "fields": {"action_time": "2023-05-08T19:22:48.993Z", "user": 1, "content_type": 9, "object_id": "65", "object_repr": "ES 350", "action_flag": 1, "change_message": "[{\"added\": {}}]"}}, {"model": "admin.logentry", "pk": 217, "fields": {"action_time": "2023-05-08T19:23:01.395Z", "user": 1, "content_type": 9, "object_id": "66", "object_repr": "NX 300 AWD", "action_flag": 1, "change_message": "[{\"added\": {}}]"}}, {"model": "admin.logentry", "pk": 218, "fields": {"action_time": "2023-05-08T19:23:11.552Z", "user": 1, "content_type": 9, "object_id": "67", "object_repr": "RX 350 AWD", "action_flag": 1, "change_message": "[{\"added\": {}}]"}}, {"model": "admin.logentry", "pk": 219, "fields": {"action_time": "2023-05-08T19:35:31.526Z", "user": 1, "content_type": 9, "object_id": "5", "object_repr": "3 Luxury", "action_flag": 3, "change_message": ""}}, {"model": "admin.logentry", "pk": 220, "fields": {"action_time": "2023-05-08T19:35:35.107Z", "user": 1, "content_type": 9, "object_id": "4", "object_repr": "3 Sport", "action_flag": 3, "change_message": ""}}, {"model": "admin.logentry", "pk": 221, "fields": {"action_time": "2023-05-08T19:36:59.252Z", "user": 1, "content_type": 8, "object_id": "2", "object_repr": "Camry", "action_flag": 2, "change_message": "[{\"changed\": {\"fields\": [\"Years\"]}}]"}}, {"model": "admin.logentry", "pk": 222, "fields": {"action_time": "2023-05-08T19:38:12.370Z", "user": 1, "content_type": 9, "object_id": "35", "object_repr": "3 Luxury", "action_flag": 3, "change_message": ""}}, {"model": "admin.logentry", "pk": 223, "fields": {"action_time": "2023-05-08T19:38:12.375Z", "user": 1, "content_type": 9, "object_id": "33", "object_repr": "3 Base", "action_flag": 3, "change_message": ""}}, {"model": "admin.logentry", "pk": 224, "fields": {"action_time": "2023-05-08T19:38:12.377Z", "user": 1, "content_type": 9, "object_id": "32", "object_repr": "3 Sport", "action_flag": 3, "change_message": ""}}, {"model": "admin.logentry", "pk": 225, "fields": {"action_time": "2023-05-08T19:38:29.664Z", "user": 1, "content_type": 9, "object_id": "68", "object_repr": "3 series Sport", "action_flag": 1, "change_message": "[{\"added\": {}}]"}}, {"model": "admin.logentry", "pk": 226, "fields": {"action_time": "2023-05-08T19:38:37.153Z", "user": 1, "content_type": 9, "object_id": "69", "object_repr": "3 series Base", "action_flag": 1, "change_message": "[{\"added\": {}}]"}}, {"model": "admin.logentry", "pk": 227, "fields": {"action_time": "2023-05-08T19:39:16.312Z", "user": 1, "content_type": 8, "object_id": "3", "object_repr": "3", "action_flag": 3, "change_message": ""}}, {"model": "admin.logentry", "pk": 228, "fields": {"action_time": "2023-05-08T19:59:09.780Z", "user": 1, "content_type": 10, "object_id": "36", "object_repr": "Toyota Camry Camry XSE 2023 41750", "action_flag": 1, "change_message": "[{\"added\": {}}]"}}, {"model": "admin.logentry", "pk": 229, "fields": {"action_time": "2023-05-08T19:59:26.886Z", "user": 1, "content_type": 10, "object_id": "37", "object_repr": "Toyota Camry Camry SE 2023 38444", "action_flag": 1, "change_message": "[{\"added\": {}}]"}}, {"model": "admin.logentry", "pk": 230, "fields": {"action_time": "2023-05-08T19:59:48.117Z", "user": 1, "content_type": 10, "object_id": "38", "object_repr": "Toyota Camry Camry LE 2023 35164", "action_flag": 1, "change_message": "[{\"added\": {}}]"}}, {"model": "admin.logentry", "pk": 231, "fields": {"action_time": "2023-05-08T20:42:27.472Z", "user": 1, "content_type": 10, "object_id": "39", "object_repr": "Toyota Camry Camry XSE 2022 37000", "action_flag": 1, "change_message": "[{\"added\": {}}]"}}, {"model": "admin.logentry", "pk": 232, "fields": {"action_time": "2023-05-08T20:42:43.329Z", "user": 1, "content_type": 10, "object_id": "40", "object_repr": "Toyota Camry Camry LE 2022 32000", "action_flag": 1, "change_message": "[{\"added\": {}}]"}}, {"model": "admin.logentry", "pk": 233, "fields": {"action_time": "2023-05-08T20:42:57.308Z", "user": 1, "content_type": 10, "object_id": "41", "object_repr": "Toyota Camry Camry SE 2022 36000", "action_flag": 1, "change_message": "[{\"added\": {}}]"}}, {"model": "admin.logentry", "pk": 234, "fields": {"action_time": "2023-05-08T20:43:16.804Z", "user": 1, "content_type": 10, "object_id": "35", "object_repr": "Honda CR-V Civic EX 2022 43000.00", "action_flag": 3, "change_message": ""}}, {"model": "admin.logentry", "pk": 235, "fields": {"action_time": "2023-05-24T21:39:20.950Z", "user": 1, "content_type": 8, "object_id": "59", "object_repr": "A3", "action_flag": 1, "change_message": "[{\"added\": {}}]"}}, {"model": "admin.logentry", "pk": 236, "fields": {"action_time": "2023-05-24T21:39:28.544Z", "user": 1, "content_type": 8, "object_id": "60", "object_repr": "A4", "action_flag": 1, "change_message": "[{\"added\": {}}]"}}, {"model": "admin.logentry", "pk": 237, "fields": {"action_time": "2023-05-24T21:39:36.259Z", "user": 1, "content_type": 8, "object_id": "61", "object_repr": "A5", "action_flag": 1, "change_message": "[{\"added\": {}}]"}}, {"model": "admin.logentry", "pk": 238, "fields": {"action_time": "2023-05-24T21:39:43.687Z", "user": 1, "content_type": 8, "object_id": "62", "object_repr": "Q3", "action_flag": 1, "change_message": "[{\"added\": {}}]"}}, {"model": "admin.logentry", "pk": 239, "fields": {"action_time": "2023-05-24T21:39:52.684Z", "user": 1, "content_type": 8, "object_id": "63", "object_repr": "Q5", "action_flag": 1, "change_message": "[{\"added\": {}}]"}}, {"model": "admin.logentry", "pk": 240, "fields": {"action_time": "2023-05-24T21:40:15.425Z", "user": 1, "content_type": 9, "object_id": "70", "object_repr": "A3 Komfort", "action_flag": 1, "change_message": "[{\"added\": {}}]"}}, {"model": "admin.logentry", "pk": 241, "fields": {"action_time": "2023-05-24T21:40:27.950Z", "user": 1, "content_type": 9, "object_id": "71", "object_repr": "A4 Komfort", "action_flag": 1, "change_message": "[{\"added\": {}}]"}}, {"model": "admin.logentry", "pk": 242, "fields": {"action_time": "2023-05-24T21:40:31.063Z", "user": 1, "content_type": 9, "object_id": "72", "object_repr": "A5 Komfort", "action_flag": 1, "change_message": "[{\"added\": {}}]"}}, {"model": "admin.logentry", "pk": 243, "fields": {"action_time": "2023-05-24T21:40:34.781Z", "user": 1, "content_type": 9, "object_id": "73", "object_repr": "Q3 Komfort", "action_flag": 1, "change_message": "[{\"added\": {}}]"}}, {"model": "admin.logentry", "pk": 244, "fields": {"action_time": "2023-05-24T21:40:38.109Z", "user": 1, "content_type": 9, "object_id": "74", "object_repr": "Q5 Komfort", "action_flag": 1, "change_message": "[{\"added\": {}}]"}}, {"model": "admin.logentry", "pk": 245, "fields": {"action_time": "2023-05-24T21:40:52.475Z", "user": 1, "content_type": 9, "object_id": "75", "object_repr": "A3 Progressiv", "action_flag": 1, "change_message": "[{\"added\": {}}]"}}, {"model": "admin.logentry", "pk": 246, "fields": {"action_time": "2023-05-24T21:40:56.486Z", "user": 1, "content_type": 9, "object_id": "76", "object_repr": "A4 Progressiv", "action_flag": 1, "change_message": "[{\"added\": {}}]"}}, {"model": "admin.logentry", "pk": 247, "fields": {"action_time": "2023-05-24T21:41:00.694Z", "user": 1, "content_type": 9, "object_id": "77", "object_repr": "A5 Progressiv", "action_flag": 1, "change_message": "[{\"added\": {}}]"}}, {"model": "admin.logentry", "pk": 248, "fields": {"action_time": "2023-05-24T21:41:04.300Z", "user": 1, "content_type": 9, "object_id": "78", "object_repr": "Q3 Progressiv", "action_flag": 1, "change_message": "[{\"added\": {}}]"}}, {"model": "admin.logentry", "pk": 249, "fields": {"action_time": "2023-05-24T21:41:07.607Z", "user": 1, "content_type": 9, "object_id": "79", "object_repr": "Q5 Progressiv", "action_flag": 1, "change_message": "[{\"added\": {}}]"}}, {"model": "admin.logentry", "pk": 250, "fields": {"action_time": "2023-05-24T21:41:21.581Z", "user": 1, "content_type": 9, "object_id": "80", "object_repr": "A3 Technik", "action_flag": 1, "change_message": "[{\"added\": {}}]"}}, {"model": "admin.logentry", "pk": 251, "fields": {"action_time": "2023-05-24T21:41:26.709Z", "user": 1, "content_type": 9, "object_id": "81", "object_repr": "A4 Technik", "action_flag": 1, "change_message": "[{\"added\": {}}]"}}, {"model": "admin.logentry", "pk": 252, "fields": {"action_time": "2023-05-24T21:41:31.478Z", "user": 1, "content_type": 9, "object_id": "82", "object_repr": "A5 Technik", "action_flag": 1, "change_message": "[{\"added\": {}}]"}}, {"model": "admin.logentry", "pk": 253, "fields": {"action_time": "2023-05-24T21:41:35.109Z", "user": 1, "content_type": 9, "object_id": "83", "object_repr": "Q3 Technik", "action_flag": 1, "change_message": "[{\"added\": {}}]"}}, {"model": "admin.logentry", "pk": 254, "fields": {"action_time": "2023-05-24T21:41:38.647Z", "user": 1, "content_type": 9, "object_id": "84", "object_repr": "Q5 Technik", "action_flag": 1, "change_message": "[{\"added\": {}}]"}}, {"model": "admin.logentry", "pk": 255, "fields": {"action_time": "2023-05-24T21:43:07.229Z", "user": 1, "content_type": 10, "object_id": "42", "object_repr": "Audi Q3 Q3 Komfort 2023 43800", "action_flag": 1, "change_message": "[{\"added\": {}}]"}}, {"model": "admin.logentry", "pk": 256, "fields": {"action_time": "2023-05-24T21:43:28.838Z", "user": 1, "content_type": 10, "object_id": "43", "object_repr": "Audi Q3 Q3 Komfort 2022 39000", "action_flag": 1, "change_message": "[{\"added\": {}}]"}}, {"model": "admin.logentry", "pk": 257, "fields": {"action_time": "2023-05-24T21:43:53.231Z", "user": 1, "content_type": 10, "object_id": "44", "object_repr": "Audi Q3 Q3 Progressiv 2023 46200", "action_flag": 1, "change_message": "[{\"added\": {}}]"}}, {"model": "admin.logentry", "pk": 258, "fields": {"action_time": "2023-05-24T21:44:13.518Z", "user": 1, "content_type": 10, "object_id": "45", "object_repr": "Audi Q3 Q3 Progressiv 2022 43200", "action_flag": 1, "change_message": "[{\"added\": {}}]"}}, {"model": "admin.logentry", "pk": 259, "fields": {"action_time": "2023-05-24T21:44:33.510Z", "user": 1, "content_type": 10, "object_id": "46", "object_repr": "Audi Q3 Q3 Technik 2023 53050", "action_flag": 1, "change_message": "[{\"added\": {}}]"}}, {"model": "admin.logentry", "pk": 260, "fields": {"action_time": "2023-05-24T21:44:47.927Z", "user": 1, "content_type": 10, "object_id": "47", "object_repr": "Audi Q3 Q3 Technik 2022 49050", "action_flag": 1, "change_message": "[{\"added\": {}}]"}}, {"model": "admin.logentry", "pk": 261, "fields": {"action_time": "2023-05-24T21:46:14.351Z", "user": 1, "content_type": 10, "object_id": "48", "object_repr": "Audi A4 A4 Komfort 2023 52400", "action_flag": 1, "change_message": "[{\"added\": {}}]"}}, {"model": "admin.logentry", "pk": 262, "fields": {"action_time": "2023-05-24T21:46:27.852Z", "user": 1, "content_type": 10, "object_id": "49", "object_repr": "Audi A4 A4 Komfort 2022 49400", "action_flag": 1, "change_message": "[{\"added\": {}}]"}}, {"model": "admin.logentry", "pk": 263, "fields": {"action_time": "2023-05-24T21:46:46.880Z", "user": 1, "content_type": 10, "object_id": "50", "object_repr": "Audi A4 A4 Progressiv 2023 55750", "action_flag": 1, "change_message": "[{\"added\": {}}]"}}, {"model": "admin.logentry", "pk": 264, "fields": {"action_time": "2023-05-24T21:47:00.629Z", "user": 1, "content_type": 10, "object_id": "51", "object_repr": "Audi A4 A4 Technik 2022 52750", "action_flag": 1, "change_message": "[{\"added\": {}}]"}}, {"model": "admin.logentry", "pk": 265, "fields": {"action_time": "2023-05-24T21:47:32.465Z", "user": 1, "content_type": 10, "object_id": "51", "object_repr": "Audi A4 A4 Technik 2022 55750.00", "action_flag": 2, "change_message": "[{\"changed\": {\"fields\": [\"Price\"]}}]"}}, {"model": "admin.logentry", "pk": 266, "fields": {"action_time": "2023-05-24T21:47:47.323Z", "user": 1, "content_type": 10, "object_id": "52", "object_repr": "Audi A4 A4 Technik 2023 59350", "action_flag": 1, "change_message": "[{\"added\": {}}]"}}, {"model": "admin.logentry", "pk": 267, "fields": {"action_time": "2023-05-24T21:48:18.967Z", "user": 1, "content_type": 10, "object_id": "53", "object_repr": "Audi A4 A4 Progressiv 2022 52000", "action_flag": 1, "change_message": "[{\"added\": {}}]"}}, {"model": "admin.logentry", "pk": 268, "fields": {"action_time": "2023-05-24T21:49:18.005Z", "user": 1, "content_type": 10, "object_id": "54", "object_repr": "Audi A3 A3 Komfort 2023 43550", "action_flag": 1, "change_message": "[{\"added\": {}}]"}}, {"model": "admin.logentry", "pk": 269, "fields": {"action_time": "2023-05-24T21:49:38.422Z", "user": 1, "content_type": 10, "object_id": "55", "object_repr": "Audi A3 A3 Progressiv 2023 47150", "action_flag": 1, "change_message": "[{\"added\": {}}]"}}, {"model": "admin.logentry", "pk": 270, "fields": {"action_time": "2023-05-24T21:49:50.537Z", "user": 1, "content_type": 10, "object_id": "56", "object_repr": "Audi A3 A3 Technik 2023 51050", "action_flag": 1, "change_message": "[{\"added\": {}}]"}}, {"model": "auth.permission", "pk": 1, "fields": {"name": "Can add log entry", "content_type": 1, "codename": "add_logentry"}}, {"model": "auth.permission", "pk": 2, "fields": {"name": "Can change log entry", "content_type": 1, "codename": "change_logentry"}}, {"model": "auth.permission", "pk": 3, "fields": {"name": "Can delete log entry", "content_type": 1, "codename": "delete_logentry"}}, {"model": "auth.permission", "pk": 4, "fields": {"name": "Can view log entry", "content_type": 1, "codename": "view_logentry"}}, {"model": "auth.permission", "pk": 5, "fields": {"name": "Can add permission", "content_type": 2, "codename": "add_permission"}}, {"model": "auth.permission", "pk": 6, "fields": {"name": "Can change permission", "content_type": 2, "codename": "change_permission"}}, {"model": "auth.permission", "pk": 7, "fields": {"name": "Can delete permission", "content_type": 2, "codename": "delete_permission"}}, {"model": "auth.permission", "pk": 8, "fields": {"name": "Can view permission", "content_type": 2, "codename": "view_permission"}}, {"model": "auth.permission", "pk": 9, "fields": {"name": "Can add group", "content_type": 3, "codename": "add_group"}}, {"model": "auth.permission", "pk": 10, "fields": {"name": "Can change group", "content_type": 3, "codename": "change_group"}}, {"model": "auth.permission", "pk": 11, "fields": {"name": "Can delete group", "content_type": 3, "codename": "delete_group"}}, {"model": "auth.permission", "pk": 12, "fields": {"name": "Can view group", "content_type": 3, "codename": "view_group"}}, {"model": "auth.permission", "pk": 13, "fields": {"name": "Can add user", "content_type": 4, "codename": "add_user"}}, {"model": "auth.permission", "pk": 14, "fields": {"name": "Can change user", "content_type": 4, "codename": "change_user"}}, {"model": "auth.permission", "pk": 15, "fields": {"name": "Can delete user", "content_type": 4, "codename": "delete_user"}}, {"model": "auth.permission", "pk": 16, "fields": {"name": "Can view user", "content_type": 4, "codename": "view_user"}}, {"model": "auth.permission", "pk": 17, "fields": {"name": "Can add content type", "content_type": 5, "codename": "add_contenttype"}}, {"model": "auth.permission", "pk": 18, "fields": {"name": "Can change content type", "content_type": 5, "codename": "change_contenttype"}}, {"model": "auth.permission", "pk": 19, "fields": {"name": "Can delete content type", "content_type": 5, "codename": "delete_contenttype"}}, {"model": "auth.permission", "pk": 20, "fields": {"name": "Can view content type", "content_type": 5, "codename": "view_contenttype"}}, {"model": "auth.permission", "pk": 21, "fields": {"name": "Can add session", "content_type": 6, "codename": "add_session"}}, {"model": "auth.permission", "pk": 22, "fields": {"name": "Can change session", "content_type": 6, "codename": "change_session"}}, {"model": "auth.permission", "pk": 23, "fields": {"name": "Can delete session", "content_type": 6, "codename": "delete_session"}}, {"model": "auth.permission", "pk": 24, "fields": {"name": "Can view session", "content_type": 6, "codename": "view_session"}}, {"model": "auth.permission", "pk": 25, "fields": {"name": "Can add make", "content_type": 7, "codename": "add_make"}}, {"model": "auth.permission", "pk": 26, "fields": {"name": "Can change make", "content_type": 7, "codename": "change_make"}}, {"model": "auth.permission", "pk": 27, "fields": {"name": "Can delete make", "content_type": 7, "codename": "delete_make"}}, {"model": "auth.permission", "pk": 28, "fields": {"name": "Can view make", "content_type": 7, "codename": "view_make"}}, {"model": "auth.permission", "pk": 29, "fields": {"name": "Can add model", "content_type": 8, "codename": "add_model"}}, {"model": "auth.permission", "pk": 30, "fields": {"name": "Can change model", "content_type": 8, "codename": "change_model"}}, {"model": "auth.permission", "pk": 31, "fields": {"name": "Can delete model", "content_type": 8, "codename": "delete_model"}}, {"model": "auth.permission", "pk": 32, "fields": {"name": "Can view model", "content_type": 8, "codename": "view_model"}}, {"model": "auth.permission", "pk": 33, "fields": {"name": "Can add trim", "content_type": 9, "codename": "add_trim"}}, {"model": "auth.permission", "pk": 34, "fields": {"name": "Can change trim", "content_type": 9, "codename": "change_trim"}}, {"model": "auth.permission", "pk": 35, "fields": {"name": "Can delete trim", "content_type": 9, "codename": "delete_trim"}}, {"model": "auth.permission", "pk": 36, "fields": {"name": "Can view trim", "content_type": 9, "codename": "view_trim"}}, {"model": "auth.permission", "pk": 37, "fields": {"name": "Can add car", "content_type": 10, "codename": "add_car"}}, {"model": "auth.permission", "pk": 38, "fields": {"name": "Can change car", "content_type": 10, "codename": "change_car"}}, {"model": "auth.permission", "pk": 39, "fields": {"name": "Can delete car", "content_type": 10, "codename": "delete_car"}}, {"model": "auth.permission", "pk": 40, "fields": {"name": "Can view car", "content_type": 10, "codename": "view_car"}}, {"model": "auth.permission", "pk": 41, "fields": {"name": "Can add model year", "content_type": 11, "codename": "add_modelyear"}}, {"model": "auth.permission", "pk": 42, "fields": {"name": "Can change model year", "content_type": 11, "codename": "change_modelyear"}}, {"model": "auth.permission", "pk": 43, "fields": {"name": "Can delete model year", "content_type": 11, "codename": "delete_modelyear"}}, {"model": "auth.permission", "pk": 44, "fields": {"name": "Can view model year", "content_type": 11, "codename": "view_modelyear"}}, {"model": "auth.user", "pk": 1, "fields": {"password": "pbkdf2_sha256$600000$jqpBYGfPDDZP4OzaBnb4Z8$enqK6zK2E+sISNnYYg9R9PCtyOnq6bwNfdITwD0eg4s=", "last_login": "2023-05-24T21:38:16.386Z", "is_superuser": true, "username": "admin", "first_name": "", "last_name": "", "email": "admin@test.com", "is_staff": true, "is_active": true, "date_joined": "2023-04-16T18:58:00.614Z", "groups": [], "user_permissions": []}}, {"model": "contenttypes.contenttype", "pk": 1, "fields": {"app_label": "admin", "model": "logentry"}}, {"model": "contenttypes.contenttype", "pk": 2, "fields": {"app_label": "auth", "model": "permission"}}, {"model": "contenttypes.contenttype", "pk": 3, "fields": {"app_label": "auth", "model": "group"}}, {"model": "contenttypes.contenttype", "pk": 4, "fields": {"app_label": "auth", "model": "user"}}, {"model": "contenttypes.contenttype", "pk": 5, "fields": {"app_label": "contenttypes", "model": "contenttype"}}, {"model": "contenttypes.contenttype", "pk": 6, "fields": {"app_label": "sessions", "model": "session"}}, {"model": "contenttypes.contenttype", "pk": 7, "fields": {"app_label": "car_api", "model": "make"}}, {"model": "contenttypes.contenttype", "pk": 8, "fields": {"app_label": "car_api", "model": "model"}}, {"model": "contenttypes.contenttype", "pk": 9, "fields": {"app_label": "car_api", "model": "trim"}}, {"model": "contenttypes.contenttype", "pk": 10, "fields": {"app_label": "car_api", "model": "car"}}, {"model": "contenttypes.contenttype", "pk": 11, "fields": {"app_label": "car_api", "model": "modelyear"}}, {"model": "sessions.session", "pk": "4zzvx9yoav3633z1nc2ucabkr1gko4kc", "fields": {"session_data": ".eJxVjDsOwjAQBe_iGlns2huvKelzhmjjDw4gR4qTCnF3iJQC2jcz76UG2dYybC0twxTVRYE6_W6jhEeqO4h3qbdZh7muyzTqXdEHbbqfY3peD_fvoEgr33rMoSMGxk6QyFjHhhmiJzBoQiCiTs7Ru-wRrTcePTkbkAGEMYNV7w-j2jXa:1po7Zn:82AvvzrNuzwPwr1_0cxUO2ovtK4smrA3a4_CmSkBsPs", "expire_date": "2023-04-30T18:58:15.075Z"}}, {"model": "sessions.session", "pk": "c2gwztivvpisuzb6337tngs2cawyy8mt", "fields": {"session_data": ".eJxVjMEOwiAQRP-FsyFgSxc8evcbyC4sUjWQlPZk_Hdp0oOeJnnzZt7C47ZmvzVe_BzFRWhx-mWE4cllL-IDy73KUMu6zCR3RR5tk7ca-XU93L-DjC33tXHnIdiImlXPwOBg6gQSAVEKIzANzBOMXXQKrGWDRMYpnWiAoMTnC-1xOBc:1q1wBB:bki_lzFuetPvkjmmR4gN6-C0YqykECmiu9jZcjZMKag", "expire_date": "2023-06-07T21:37:57.821Z"}}, {"model": "sessions.session", "pk": "chmyoalirk3s6quta5d44f6yc01s87zw", "fields": {"session_data": ".eJxVjDsOwjAQBe_iGlns2huvKelzhmjjDw4gR4qTCnF3iJQC2jcz76UG2dYybC0twxTVRYE6_W6jhEeqO4h3qbdZh7muyzTqXdEHbbqfY3peD_fvoEgr33rMoSMGxk6QyFjHhhmiJzBoQiCiTs7Ru-wRrTcePTkbkAGEMYNV7w-j2jXa:1prP1M:PN7_eK7hid79ZQFYgL7B8F-sv-CGBRCppRWveMiRwjk", "expire_date": "2023-05-09T20:12:16.001Z"}}, {"model": "sessions.session", "pk": "plyu0whmvr282h6jgzfb9qi88ffp297m", "fields": {"session_data": ".eJxVjMEOwiAQRP-FsyFgSxc8evcbyC4sUjWQlPZk_Hdp0oOeJnnzZt7C47ZmvzVe_BzFRWhx-mWE4cllL-IDy73KUMu6zCR3RR5tk7ca-XU93L-DjC33tXHnIdiImlXPwOBg6gQSAVEKIzANzBOMXXQKrGWDRMYpnWiAoMTnC-1xOBc:1pw56Q:XxtlWyFrAs3HKppfJvUl8HjVMbqAytaLxj6Jn4j5ZZY", "expire_date": "2023-05-22T17:56:50.715Z"}}, {"model": "sessions.session", "pk": "z0iqtqbzoo3i2695ry5rgou2wtwm5abl", "fields": {"session_data": ".eJxVjMEOwiAQRP-FsyFgSxc8evcbyC4sUjWQlPZk_Hdp0oOeJnnzZt7C47ZmvzVe_BzFRWhx-mWE4cllL-IDy73KUMu6zCR3RR5tk7ca-XU93L-DjC33tXHnIdiImlXPwOBg6gQSAVEKIzANzBOMXXQKrGWDRMYpnWiAoMTnC-1xOBc:1q1wBU:jn6lU6b0nUNDIaEpKXyKAp6OZxXl7I-2sNVP9uFRfME", "expire_date": "2023-06-07T21:38:16.387Z"}}, {"model": "sessions.session", "pk": "zcl1ejgmlx7i97jsonxu94x4wpcffvn1", "fields": {"session_data": ".eJxVjDsOwjAQBe_iGlns2huvKelzhmjjDw4gR4qTCnF3iJQC2jcz76UG2dYybC0twxTVRYE6_W6jhEeqO4h3qbdZh7muyzTqXdEHbbqfY3peD_fvoEgr33rMoSMGxk6QyFjHhhmiJzBoQiCiTs7Ru-wRrTcePTkbkAGEMYNV7w-j2jXa:1ps8jG:8o9DWX8sqkTicAzkvjfyui9SnyXx64g63MdGWd15Ex4", "expire_date": "2023-05-11T21:00:38.331Z"}}, {"model": "car_api.make", "pk": 1, "fields": {"make": "Toyota"}}, {"model": "car_api.make", "pk": 2, "fields": {"make": "BMW"}}, {"model": "car_api.make", "pk": 3, "fields": {"make": "Honda"}}, {"model": "car_api.make", "pk": 4, "fields": {"make": "Kia"}}, {"model": "car_api.make", "pk": 5, "fields": {"make": "Nissan"}}, {"model": "car_api.make", "pk": 6, "fields": {"make": "Ford"}}, {"model": "car_api.make", "pk": 7, "fields": {"make": "Lexus"}}, {"model": "car_api.make", "pk": 8, "fields": {"make": "Audi"}}, {"model": "car_api.make", "pk": 9, "fields": {"make": "Mercedes-Benz"}}, {"model": "car_api.make", "pk": 10, "fields": {"make": "Volkswagen"}}, {"model": "car_api.make", "pk": 11, "fields": {"make": "Tesla"}}, {"model": "car_api.model", "pk": 1, "fields": {"make": 1, "model": "Corolla", "popularity": 1, "years": [1]}}, {"model": "car_api.model", "pk": 2, "fields": {"make": 1, "model": "Camry", "popularity": 2, "years": [1, 2]}}, {"model": "car_api.model", "pk": 4, "fields": {"make": 1, "model": "Crown", "popularity": 0, "years": [1]}}, {"model": "car_api.model", "pk": 5, "fields": {"make": 1, "model": "GR 86", "popularity": 0, "years": [1, 2]}}, {"model": "car_api.model", "pk": 6, "fields": {"make": 1, "model": "Prius", "popularity": 0, "years": [1, 2]}}, {"model": "car_api.model", "pk": 7, "fields": {"make": 1, "model": "Sienna", "popularity": 0, "years": [1, 2]}}, {"model": "car_api.model", "pk": 8, "fields": {"make": 1, "model": "4Runner", "popularity": 0, "years": [1, 2]}}, {"model": "car_api.model", "pk": 9, "fields": {"make": 1, "model": "Tacoma", "popularity": 0, "years": [1, 2]}}, {"model": "car_api.model", "pk": 10, "fields": {"make": 1, "model": "C-HR", "popularity": 0, "years": [1, 2]}}, {"model": "car_api.model", "pk": 11, "fields": {"make": 1, "model": "Highlander", "popularity": 0, "years": [1, 2]}}, {"model": "car_api.model", "pk": 12, "fields": {"make": 1, "model": "Sequoia", "popularity": 0, "years": [1, 2]}}, {"model": "car_api.model", "pk": 13, "fields": {"make": 1, "model": "Tundra", "popularity": 0, "years": [1, 2]}}, {"model": "car_api.model", "pk": 14, "fields": {"make": 1, "model": "Venza", "popularity": 0, "years": [1, 2]}}, {"model": "car_api.model", "pk": 15, "fields": {"make": 2, "model": "5 series", "popularity": 0, "years": [1, 2]}}, {"model": "car_api.model", "pk": 16, "fields": {"make": 2, "model": "3 series", "popularity": 0, "years": [1, 2]}}, {"model": "car_api.model", "pk": 17, "fields": {"make": 2, "model": "X5", "popularity": 0, "years": [1, 2]}}, {"model": "car_api.model", "pk": 18, "fields": {"make": 2, "model": "X3", "popularity": 0, "years": [1, 2]}}, {"model": "car_api.model", "pk": 19, "fields": {"make": 2, "model": "X1", "popularity": 0, "years": [1, 2]}}, {"model": "car_api.model", "pk": 20, "fields": {"make": 2, "model": "1 series", "popularity": 0, "years": [1, 2]}}, {"model": "car_api.model", "pk": 21, "fields": {"make": 2, "model": "2 series", "popularity": 0, "years": [1, 2]}}, {"model": "car_api.model", "pk": 22, "fields": {"make": 10, "model": "Golf", "popularity": 0, "years": [1, 2]}}, {"model": "car_api.model", "pk": 23, "fields": {"make": 10, "model": "Jetta", "popularity": 0, "years": [1, 2]}}, {"model": "car_api.model", "pk": 24, "fields": {"make": 10, "model": "Passat", "popularity": 0, "years": [1, 2]}}, {"model": "car_api.model", "pk": 25, "fields": {"make": 10, "model": "Tiguan", "popularity": 0, "years": [1, 2]}}, {"model": "car_api.model", "pk": 26, "fields": {"make": 10, "model": "Touareg", "popularity": 0, "years": [1, 2]}}, {"model": "car_api.model", "pk": 27, "fields": {"make": 3, "model": "Civic", "popularity": 1, "years": [1, 2]}}, {"model": "car_api.model", "pk": 28, "fields": {"make": 3, "model": "Accord", "popularity": 0, "years": [1, 2]}}, {"model": "car_api.model", "pk": 29, "fields": {"make": 3, "model": "CR-V", "popularity": 0, "years": [1, 2]}}, {"model": "car_api.model", "pk": 30, "fields": {"make": 3, "model": "Odyssey", "popularity": 0, "years": [1, 2]}}, {"model": "car_api.model", "pk": 31, "fields": {"make": 4, "model": "Optima", "popularity": 0, "years": [1, 2]}}, {"model": "car_api.model", "pk": 32, "fields": {"make": 4, "model": "Soul", "popularity": 0, "years": [1, 2]}}, {"model": "car_api.model", "pk": 33, "fields": {"make": 4, "model": "Sportage", "popularity": 0, "years": [1, 2]}}, {"model": "car_api.model", "pk": 34, "fields": {"make": 4, "model": "Forte", "popularity": 0, "years": [1, 2]}}, {"model": "car_api.model", "pk": 35, "fields": {"make": 5, "model": "Altima", "popularity": 0, "years": [1, 2]}}, {"model": "car_api.model", "pk": 36, "fields": {"make": 5, "model": "Sentra", "popularity": 0, "years": [1, 2]}}, {"model": "car_api.model", "pk": 37, "fields": {"make": 5, "model": "Rogue", "popularity": 0, "years": [1, 2]}}, {"model": "car_api.model", "pk": 38, "fields": {"make": 5, "model": "Leaf", "popularity": 0, "years": [1, 2]}}, {"model": "car_api.model", "pk": 39, "fields": {"make": 6, "model": "Mustang", "popularity": 0, "years": [1, 2]}}, {"model": "car_api.model", "pk": 40, "fields": {"make": 6, "model": "Fusion", "popularity": 0, "years": [1, 2]}}, {"model": "car_api.model", "pk": 41, "fields": {"make": 6, "model": "Focus", "popularity": 0, "years": [1, 2]}}, {"model": "car_api.model", "pk": 42, "fields": {"make": 6, "model": "Escape", "popularity": 0, "years": [1, 2]}}, {"model": "car_api.model", "pk": 43, "fields": {"make": 6, "model": "Explorer", "popularity": 0, "years": [1, 2]}}, {"model": "car_api.model", "pk": 44, "fields": {"make": 6, "model": "Edge", "popularity": 0, "years": [1, 2]}}, {"model": "car_api.model", "pk": 45, "fields": {"make": 6, "model": "Ranger", "popularity": 0, "years": [1, 2]}}, {"model": "car_api.model", "pk": 46, "fields": {"make": 6, "model": "F-150", "popularity": 0, "years": [1, 2]}}, {"model": "car_api.model", "pk": 47, "fields": {"make": 7, "model": "ES", "popularity": 0, "years": [1, 2]}}, {"model": "car_api.model", "pk": 48, "fields": {"make": 7, "model": "GS", "popularity": 0, "years": [1, 2]}}, {"model": "car_api.model", "pk": 49, "fields": {"make": 7, "model": "RX", "popularity": 0, "years": [1, 2]}}, {"model": "car_api.model", "pk": 50, "fields": {"make": 7, "model": "NX", "popularity": 0, "years": [1, 2]}}, {"model": "car_api.model", "pk": 51, "fields": {"make": 11, "model": "Model 3", "popularity": 1, "years": [1, 2]}}, {"model": "car_api.model", "pk": 52, "fields": {"make": 11, "model": "Model S", "popularity": 0, "years": [1, 2]}}, {"model": "car_api.model", "pk": 53, "fields": {"make": 11, "model": "Model X", "popularity": 0, "years": [1, 2]}}, {"model": "car_api.model", "pk": 54, "fields": {"make": 11, "model": "Model Y", "popularity": 0, "years": [1, 2]}}, {"model": "car_api.model", "pk": 55, "fields": {"make": 1, "model": "Rav 4 (2WD)", "popularity": 1, "years": [1, 2]}}, {"model": "car_api.model", "pk": 56, "fields": {"make": 1, "model": "Rav 4 (AWD)", "popularity": 0, "years": [1, 2]}}, {"model": "car_api.model", "pk": 57, "fields": {"make": 6, "model": "Escape (2WD)", "popularity": 0, "years": [1, 2]}}, {"model": "car_api.model", "pk": 58, "fields": {"make": 6, "model": "F-150 (2WD)", "popularity": 0, "years": [1, 2]}}, {"model": "car_api.model", "pk": 59, "fields": {"make": 8, "model": "A3", "popularity": 0, "years": [1, 2]}}, {"model": "car_api.model", "pk": 60, "fields": {"make": 8, "model": "A4", "popularity": 0, "years": [1, 2]}}, {"model": "car_api.model", "pk": 61, "fields": {"make": 8, "model": "A5", "popularity": 0, "years": [1, 2]}}, {"model": "car_api.model", "pk": 62, "fields": {"make": 8, "model": "Q3", "popularity": 0, "years": [1, 2]}}, {"model": "car_api.model", "pk": 63, "fields": {"make": 8, "model": "Q5", "popularity": 0, "years": [1, 2]}}, {"model": "car_api.trim", "pk": 1, "fields": {"model": 1, "trim": "SE"}}, {"model": "car_api.trim", "pk": 2, "fields": {"model": 1, "trim": "LE"}}, {"model": "car_api.trim", "pk": 3, "fields": {"model": 1, "trim": "XSE"}}, {"model": "car_api.trim", "pk": 7, "fields": {"model": 40, "trim": "SEL"}}, {"model": "car_api.trim", "pk": 8, "fields": {"model": 58, "trim": "XLT"}}, {"model": "car_api.trim", "pk": 9, "fields": {"model": 27, "trim": "LX"}}, {"model": "car_api.trim", "pk": 10, "fields": {"model": 27, "trim": "EX"}}, {"model": "car_api.trim", "pk": 11, "fields": {"model": 27, "trim": "Touring"}}, {"model": "car_api.trim", "pk": 12, "fields": {"model": 51, "trim": "Standard Range Plus"}}, {"model": "car_api.trim", "pk": 13, "fields": {"model": 51, "trim": "Long Range"}}, {"model": "car_api.trim", "pk": 14, "fields": {"model": 51, "trim": "Performance"}}, {"model": "car_api.trim", "pk": 15, "fields": {"model": 52, "trim": "Perfomance"}}, {"model": "car_api.trim", "pk": 16, "fields": {"model": 52, "trim": "Long range"}}, {"model": "car_api.trim", "pk": 17, "fields": {"model": 53, "trim": "Long range"}}, {"model": "car_api.trim", "pk": 18, "fields": {"model": 53, "trim": "Perfomance"}}, {"model": "car_api.trim", "pk": 19, "fields": {"model": 2, "trim": "XSE"}}, {"model": "car_api.trim", "pk": 20, "fields": {"model": 2, "trim": "LE"}}, {"model": "car_api.trim", "pk": 21, "fields": {"model": 2, "trim": "SE"}}, {"model": "car_api.trim", "pk": 22, "fields": {"model": 56, "trim": "SE"}}, {"model": "car_api.trim", "pk": 23, "fields": {"model": 56, "trim": "XSE"}}, {"model": "car_api.trim", "pk": 24, "fields": {"model": 56, "trim": "LE"}}, {"model": "car_api.trim", "pk": 25, "fields": {"model": 55, "trim": "SE"}}, {"model": "car_api.trim", "pk": 26, "fields": {"model": 55, "trim": "LE"}}, {"model": "car_api.trim", "pk": 27, "fields": {"model": 6, "trim": "SE"}}, {"model": "car_api.trim", "pk": 28, "fields": {"model": 6, "trim": "LE"}}, {"model": "car_api.trim", "pk": 29, "fields": {"model": 9, "trim": "SE"}}, {"model": "car_api.trim", "pk": 30, "fields": {"model": 9, "trim": "LE"}}, {"model": "car_api.trim", "pk": 31, "fields": {"model": 15, "trim": "Sport"}}, {"model": "car_api.trim", "pk": 34, "fields": {"model": 15, "trim": "Base"}}, {"model": "car_api.trim", "pk": 36, "fields": {"model": 15, "trim": "Luxury"}}, {"model": "car_api.trim", "pk": 37, "fields": {"model": 56, "trim": "Trail"}}, {"model": "car_api.trim", "pk": 38, "fields": {"model": 56, "trim": "Limited"}}, {"model": "car_api.trim", "pk": 39, "fields": {"model": 28, "trim": "LX"}}, {"model": "car_api.trim", "pk": 40, "fields": {"model": 28, "trim": "Sport"}}, {"model": "car_api.trim", "pk": 41, "fields": {"model": 28, "trim": "Touring"}}, {"model": "car_api.trim", "pk": 42, "fields": {"model": 29, "trim": "Touring"}}, {"model": "car_api.trim", "pk": 43, "fields": {"model": 29, "trim": "EX"}}, {"model": "car_api.trim", "pk": 44, "fields": {"model": 29, "trim": "LX"}}, {"model": "car_api.trim", "pk": 45, "fields": {"model": 30, "trim": "LX"}}, {"model": "car_api.trim", "pk": 46, "fields": {"model": 30, "trim": "EX"}}, {"model": "car_api.trim", "pk": 47, "fields": {"model": 30, "trim": "Touring"}}, {"model": "car_api.trim", "pk": 48, "fields": {"model": 11, "trim": "XLE"}}, {"model": "car_api.trim", "pk": 49, "fields": {"model": 13, "trim": "XLE"}}, {"model": "car_api.trim", "pk": 50, "fields": {"model": 14, "trim": "XSE"}}, {"model": "car_api.trim", "pk": 51, "fields": {"model": 17, "trim": "Luxury"}}, {"model": "car_api.trim", "pk": 52, "fields": {"model": 18, "trim": "Luxury"}}, {"model": "car_api.trim", "pk": 53, "fields": {"model": 17, "trim": "Base"}}, {"model": "car_api.trim", "pk": 54, "fields": {"model": 18, "trim": "Base"}}, {"model": "car_api.trim", "pk": 55, "fields": {"model": 19, "trim": "Base"}}, {"model": "car_api.trim", "pk": 56, "fields": {"model": 8, "trim": "Trail"}}, {"model": "car_api.trim", "pk": 57, "fields": {"model": 7, "trim": "LE"}}, {"model": "car_api.trim", "pk": 58, "fields": {"model": 39, "trim": "GT"}}, {"model": "car_api.trim", "pk": 59, "fields": {"model": 41, "trim": "SE"}}, {"model": "car_api.trim", "pk": 60, "fields": {"model": 42, "trim": "SE"}}, {"model": "car_api.trim", "pk": 61, "fields": {"model": 44, "trim": "SE"}}, {"model": "car_api.trim", "pk": 62, "fields": {"model": 43, "trim": "XLT"}}, {"model": "car_api.trim", "pk": 63, "fields": {"model": 46, "trim": "Lariat"}}, {"model": "car_api.trim", "pk": 64, "fields": {"model": 48, "trim": "350 AWD"}}, {"model": "car_api.trim", "pk": 65, "fields": {"model": 47, "trim": "350"}}, {"model": "car_api.trim", "pk": 66, "fields": {"model": 50, "trim": "300 AWD"}}, {"model": "car_api.trim", "pk": 67, "fields": {"model": 49, "trim": "350 AWD"}}, {"model": "car_api.trim", "pk": 68, "fields": {"model": 16, "trim": "Sport"}}, {"model": "car_api.trim", "pk": 69, "fields": {"model": 16, "trim": "Base"}}, {"model": "car_api.trim", "pk": 70, "fields": {"model": 59, "trim": "Komfort"}}, {"model": "car_api.trim", "pk": 71, "fields": {"model": 60, "trim": "Komfort"}}, {"model": "car_api.trim", "pk": 72, "fields": {"model": 61, "trim": "Komfort"}}, {"model": "car_api.trim", "pk": 73, "fields": {"model": 62, "trim": "Komfort"}}, {"model": "car_api.trim", "pk": 74, "fields": {"model": 63, "trim": "Komfort"}}, {"model": "car_api.trim", "pk": 75, "fields": {"model": 59, "trim": "Progressiv"}}, {"model": "car_api.trim", "pk": 76, "fields": {"model": 60, "trim": "Progressiv"}}, {"model": "car_api.trim", "pk": 77, "fields": {"model": 61, "trim": "Progressiv"}}, {"model": "car_api.trim", "pk": 78, "fields": {"model": 62, "trim": "Progressiv"}}, {"model": "car_api.trim", "pk": 79, "fields": {"model": 63, "trim": "Progressiv"}}, {"model": "car_api.trim", "pk": 80, "fields": {"model": 59, "trim": "Technik"}}, {"model": "car_api.trim", "pk": 81, "fields": {"model": 60, "trim": "Technik"}}, {"model": "car_api.trim", "pk": 82, "fields": {"model": 61, "trim": "Technik"}}, {"model": "car_api.trim", "pk": 83, "fields": {"model": 62, "trim": "Technik"}}, {"model": "car_api.trim", "pk": 84, "fields": {"model": 63, "trim": "Technik"}}, {"model": "car_api.modelyear", "pk": 1, "fields": {"year": 2023}}, {"model": "car_api.modelyear", "pk": 2, "fields": {"year": 2022}}, {"model": "car_api.car", "pk": 1, "fields": {"make": 1, "model": 1, "trim": 1, "year": 1, "price": "15000.00"}}, {"model": "car_api.car", "pk": 2, "fields": {"make": 1, "model": 2, "trim": 3, "year": 2, "price": "35000.00"}}, {"model": "car_api.car", "pk": 4, "fields": {"make": 1, "model": 1, "trim": 1, "year": 1, "price": "24455.00"}}, {"model": "car_api.car", "pk": 5, "fields": {"make": 1, "model": 1, "trim": 2, "year": 1, "price": "21740.00"}}, {"model": "car_api.car", "pk": 6, "fields": {"make": 1, "model": 1, "trim": 3, "year": 1, "price": "27790.00"}}, {"model": "car_api.car", "pk": 7, "fields": {"make": 1, "model": 2, "trim": 2, "year": 1, "price": "28490.00"}}, {"model": "car_api.car", "pk": 8, "fields": {"make": 1, "model": 2, "trim": 1, "year": 1, "price": "31175.00"}}, {"model": "car_api.car", "pk": 9, "fields": {"make": 1, "model": 2, "trim": 3, "year": 1, "price": "38335.00"}}, {"model": "car_api.car", "pk": 10, "fields": {"make": 1, "model": 1, "trim": 1, "year": 2, "price": "20500.00"}}, {"model": "car_api.car", "pk": 11, "fields": {"make": 1, "model": 2, "trim": 2, "year": 2, "price": "26000.00"}}, {"model": "car_api.car", "pk": 12, "fields": {"make": 11, "model": 51, "trim": 12, "year": 1, "price": "44990.00"}}, {"model": "car_api.car", "pk": 13, "fields": {"make": 11, "model": 51, "trim": 13, "year": 1, "price": "56990.00"}}, {"model": "car_api.car", "pk": 14, "fields": {"make": 11, "model": 51, "trim": 14, "year": 1, "price": "67990.00"}}, {"model": "car_api.car", "pk": 15, "fields": {"make": 11, "model": 51, "trim": 12, "year": 2, "price": "42000.00"}}, {"model": "car_api.car", "pk": 16, "fields": {"make": 11, "model": 51, "trim": 13, "year": 2, "price": "53000.00"}}, {"model": "car_api.car", "pk": 17, "fields": {"make": 11, "model": 51, "trim": 14, "year": 2, "price": "6300.00"}}, {"model": "car_api.car", "pk": 18, "fields": {"make": 3, "model": 27, "trim": 9, "year": 1, "price": "32400.00"}}, {"model": "car_api.car", "pk": 19, "fields": {"make": 3, "model": 27, "trim": 10, "year": 1, "price": "26450.00"}}, {"model": "car_api.car", "pk": 20, "fields": {"make": 3, "model": 27, "trim": 11, "year": 1, "price": "29950.00"}}, {"model": "car_api.car", "pk": 21, "fields": {"make": 3, "model": 27, "trim": 9, "year": 2, "price": "20500.00"}}, {"model": "car_api.car", "pk": 22, "fields": {"make": 3, "model": 27, "trim": 10, "year": 2, "price": "24000.00"}}, {"model": "car_api.car", "pk": 23, "fields": {"make": 3, "model": 27, "trim": 11, "year": 2, "price": "27000.00"}}, {"model": "car_api.car", "pk": 24, "fields": {"make": 1, "model": 55, "trim": 2, "year": 1, "price": "29600.00"}}, {"model": "car_api.car", "pk": 25, "fields": {"make": 1, "model": 56, "trim": 1, "year": 1, "price": "32500.00"}}, {"model": "car_api.car", "pk": 26, "fields": {"make": 1, "model": 56, "trim": 3, "year": 1, "price": "39000.00"}}, {"model": "car_api.car", "pk": 27, "fields": {"make": 3, "model": 28, "trim": 10, "year": 1, "price": "39000.00"}}, {"model": "car_api.car", "pk": 28, "fields": {"make": 3, "model": 28, "trim": 10, "year": 2, "price": "37000.00"}}, {"model": "car_api.car", "pk": 29, "fields": {"make": 3, "model": 28, "trim": 11, "year": 1, "price": "46500.00"}}, {"model": "car_api.car", "pk": 30, "fields": {"make": 3, "model": 28, "trim": 11, "year": 2, "price": "44000.00"}}, {"model": "car_api.car", "pk": 31, "fields": {"make": 3, "model": 29, "trim": 9, "year": 1, "price": "39100.00"}}, {"model": "car_api.car", "pk": 32, "fields": {"make": 3, "model": 29, "trim": 9, "year": 2, "price": "37000.00"}}, {"model": "car_api.car", "pk": 33, "fields": {"make": 3, "model": 29, "trim": 10, "year": 1, "price": "45200.00"}}, {"model": "car_api.car", "pk": 34, "fields": {"make": 3, "model": 29, "trim": 10, "year": 2, "price": "43000.00"}}, {"model": "car_api.car", "pk": 36, "fields": {"make": 1, "model": 2, "trim": 19, "year": 1, "price": "41750.00"}}, {"model": "car_api.car", "pk": 37, "fields": {"make": 1, "model": 2, "trim": 21, "year": 1, "price": "38444.00"}}, {"model": "car_api.car", "pk": 38, "fields": {"make": 1, "model": 2, "trim": 20, "year": 1, "price": "35164.00"}}, {"model": "car_api.car", "pk": 39, "fields": {"make": 1, "model": 2, "trim": 19, "year": 2, "price": "37000.00"}}, {"model": "car_api.car", "pk": 40, "fields": {"make": 1, "model": 2, "trim": 20, "year": 2, "price": "32000.00"}}, {"model": "car_api.car", "pk": 41, "fields": {"make": 1, "model": 2, "trim": 21, "year": 2, "price": "36000.00"}}, {"model": "car_api.car", "pk": 42, "fields": {"make": 8, "model": 62, "trim": 73, "year": 1, "price": "43800.00"}}, {"model": "car_api.car", "pk": 43, "fields": {"make": 8, "model": 62, "trim": 73, "year": 2, "price": "39000.00"}}, {"model": "car_api.car", "pk": 44, "fields": {"make": 8, "model": 62, "trim": 78, "year": 1, "price": "46200.00"}}, {"model": "car_api.car", "pk": 45, "fields": {"make": 8, "model": 62, "trim": 78, "year": 2, "price": "43200.00"}}, {"model": "car_api.car", "pk": 46, "fields": {"make": 8, "model": 62, "trim": 83, "year": 1, "price": "53050.00"}}, {"model": "car_api.car", "pk": 47, "fields": {"make": 8, "model": 62, "trim": 83, "year": 2, "price": "49050.00"}}, {"model": "car_api.car", "pk": 48, "fields": {"make": 8, "model": 60, "trim": 71, "year": 1, "price": "52400.00"}}, {"model": "car_api.car", "pk": 49, "fields": {"make": 8, "model": 60, "trim": 71, "year": 2, "price": "49400.00"}}, {"model": "car_api.car", "pk": 50, "fields": {"make": 8, "model": 60, "trim": 76, "year": 1, "price": "55750.00"}}, {"model": "car_api.car", "pk": 51, "fields": {"make": 8, "model": 60, "trim": 81, "year": 2, "price": "55750.00"}}, {"model": "car_api.car", "pk": 52, "fields": {"make": 8, "model": 60, "trim": 81, "year": 1, "price": "59350.00"}}, {"model": "car_api.car", "pk": 53, "fields": {"make": 8, "model": 60, "trim": 76, "year": 2, "price": "52000.00"}}, {"model": "car_api.car", "pk": 54, "fields": {"make": 8, "model": 59, "trim": 70, "year": 1, "price": "43550.00"}}, {"model": "car_api.car", "pk": 55, "fields": {"make": 8, "model": 59, "trim": 75, "year": 1, "price": "47150.00"}}, {"model": "car_api.car", "pk": 56, "fields": {"make": 8, "model": 59, "trim": 80, "year": 1, "price": "51050.00"}}]